كد حساب,نام حساب,تلفن,آدرس,مبايل,ساير
0-1-10,صندوق,,,,
0-2-10,تنخواه گردانها,,,,
0-1-11,بانک صادرات 002,,,,
0-3-11,بانک ملي,,,,
0-4-11,بانک سپه انقلاب,,,,
0-5-11,بانک صادرات009,,,,
0-6-11,بانک رفاه,,,,
0-1-12,اشخاص متفرقه,,,,
0-2-12,مشتريان,,,,
0-4-12,حساب دريافتني,,,,
0-1-13,اسناد دريافتني,,,,
0-1-14,اسناد در جريان وصول,,,,
0-1-15,موجودي مواد اوليه,,,,
0-2-15,موجودي مواد و کالا,,,,
0-1-16,پيش پرداخت ماليات,,,,
0-2-16,پيش پرداخت اجاره,,,,
0-3-16,پيش پرداخت هزينه هاي جاري,,,,
0-1-17,اموال ، ماشين آلات و تجهيزات,,,,
0-2-17,استهلاك انباشته اموال ، ماشين آلات وتجهيزات,,,,
0-3-17,زمين,,,,
0-4-17,سرمايه گذاري هاي بلند مدت,,,,
0-5-17,سپرده هاو مطالبات بلند مدت,,,,
0-6-17,ساير دارائيها,,,,
0-1-22,اسناد پرداختني,,,,
0-1-23,جناب آقاي تاکي,,,,
0-1-24,پيش دريافت فروش محصولات,,,,
0-2-24,ساير پيش دريافتها,,,,
0-1-25,ماليات بر ارزش افزوده فروش,,,,
0-2-25,ماليات بر ارزش افزوده خريد,,,,
0-3-25,عوارض فروش,,,,
0-4-25,عوارض خريد,,,,
0-1-26,تسهيلات مالي کوتاه مدت,,,,
0-2-26,بهره تحقق نيافته,,,,
0-1-30,سرمايه,,,,
0-2-30,اندوخته قانوني,,,,
0-3-30,سود (زيان) انباشته,,,,
0-4-30,سود (زيان) جاري,,,,
0-5-30,تقسيم سود,,,,
0-1-40,درآمد  شهريه دبستان نور 1,,,,
0-2-40,درآمد شهريه دبستان نور 2,,,,
0-3-40,درآمد شهريه دبستان تبيان 1,,,,
0-4-40,درآمد شهريه  دبستان تبيان 2,,,,
0-5-40,درآمد شهريه پيش دبستاني ابراهيم خليل,,,,
0-6-40,درآمد شهريه پيش دبستاني کوچه برهان,,,,
0-7-40,درآمد شهريه پيش دبستاني سروستان,,,,
0-8-40,درآمد شهريه پيش دبستاني نوبت عصر مدرسه القران,,,,
0-9-40,درآمد شهريه پيش دبستاني منظريه,,,,
0-10-40,درآمد شهريه پيش دبستاني نوبت صبح مدرسه القران,,,,
0-11-40,درآمدهاي غير آموزشي,,,,
0-12-40,درآمد خيرين دکتر مصنع,,,,
0-13-40,درآمد اجاره,,,,
0-14-40,درآمد شهريه کلاس هاي تابستان,,,,
0-1-50,بازارياب,,,,
0-2-50,هزينه حقوق و دستمزد پرسنل مدرسه القرآن,,,,
0-3-50,هزينه استهلاك,,,,
0-4-50,هزينه آب و برق وگاز مصرفي,,,,
0-5-50,هزينه پست و تلفن مدرسه القران,,,,
0-6-50,هزينه اجاره محل,,,,
0-7-50,هزينه ملزومات و نوشت افزار,,,,
0-8-50,هزينه هاي متفرقه,,,,
0-9-50,هزينه حمل,,,,
0-200-50,هزينه بهره بانکي,,,,
0-300-50,هزينه کارمزد بانک,,,,
0-302-50,هزينه انصرافي,,,,
0-303-50,هزينه تعميرات,,,,
0-304-50,هزينه حق الزحمه مربيان مهد,,,,
0-305-50,هزينه پذيرايي,,,,
0-306-50,هزينه خريد وسايل,,,,
0-307-50,هزينه اجاره و کرايه,,,,
0-308-50,هزينه بيمه تامين اجتماعي,,,,
0-309-50,هزينه عمراني,,,,
0-310-50,هزينه کرايه رفت وبرگشت باشگاه,,,,
0-311-50,هزينه اينترنت مدرسه القران,,,,
0-312-50,هزينه هاي کلاس هاي تابستان,,,,
0-313-50,هزينه حقوق ودستمزد نور1,,,,
0-314-50,هزينه حقوق ودستمزد نور2,,,,
0-315-50,هزينه حقوق ودستمزد تبيان1,,,,
0-316-50,هزينه حقوق ودستمزد تبيان2,,,,
0-317-50,هزينه حقوق ودستمزد مهدالرضا,,,,
0-318-50,هزينه هاي بوفه,,,,
0-319-50,هزينه مطالبات سوخت شده,,,,
0-320-50,هزينه هاي عيد غدير,,,,
0-321-50,هزينه حقوق مربيان کلاس هاي تابستان,,,,
0-1-51,قيمت تمام شده کالاي فروش رفته,,,,
0-1-60,فروش,,,,
0-1-61,تخفيفات فروش,,,,
0-2-61,برگشت از فروش,,,,
0-1-62,خريد,,,,
0-1-63,برگشت از خريد,,,,
0-2-63,تخفيف خريد,,,,
0-1-64,حسابهاي انتظامي به نفع شركت,,,,
0-2-64,حسابهاي انتظامي به عهده شركت,,,,
0-1-65,طرف حساب انتظامي بنفع شركت,,,,
0-2-65,طرف حساب انتظامي بعهده شركت,,,,
0-1-66,تراز افتتاحيه,,,,
1967-01-01 00:00:00,فاطمه زهرا احمديان(سوم1404),,,,
1967-02-01 00:00:00,ديانا رستگار(سوم1404),,,,
1967-03-01 00:00:00,فاطمه زهرا ترابي(دوم1404),,,,
1967-04-01 00:00:00,سارا اميري(عليرضا)(دوم1404),,,,
1967-05-01 00:00:00,زينب شيراوند(دوم1404),,,,
1967-06-01 00:00:00,نسيم معتضديان(دوم1404),,,,
1967-07-01 00:00:00,فاطمه سامع(سوم1404),,,,
1967-08-01 00:00:00,پرستش ميرزايي(دوم1404),,,,
1967-09-01 00:00:00,سلين اميرسالاري(اول1404),,,,
1967-10-01 00:00:00,تيانا اميري(دوم1404),,,,
1967-11-01 00:00:00,حلما هاشمي(اول1404),,,,
1967-12-01 00:00:00,کيانا محمد زماني(اول1404),,,,
13-1-67,مهسا خليلي(سوم1404),,,,
14-1-67,زهرا الصاق(دوم 1404),,,,
15-1-67,هليا قره قاني پور(سوم1404),,,,
16-1-67,زهرا رحيمي فرزند رضا(سوم1404),,,,
17-1-67,پرنيا انصاري(سوم1404),,,,
18-1-67,ثمين سالک(دوم1404),,,,
19-1-67,سما صفدريان(دوم1404),,,,
20-1-67,فاطمه رفيعي(سوم1404),,,,
21-1-67,مبينا طيبي(اول1404),,,,
22-1-67,فاطمه حلما آسال(اول1404),,,,
23-1-67,فاطمه حسنا هادي(دوم1404),,,,
24-1-67,شهرزاد نصيري(دوم1404),,,,
25-1-67,يسنا بهروزي(سوم1404),,,,
26-1-67,فاطمه سادات تقوي(سوم1404),,,,
27-1-67,زهرا قرباني(دوم1404),,,,
28-1-67,حلما انصاري(سوم1404),,,,
29-1-67,مهدا عابدي(دوم1404),,,,
30-1-67,فاطمه سادات قدسي بابوکاني(دوم1404),,,,
31-1-67,وانيا تيموريان(اول1404),,,,
32-1-67,مهرگان منصوريان(اول1404),,,,
33-1-67,ديلا سادات موسوي(دوم1404),,,,
34-1-67,حلما صيادي(اول1404),,,,
35-1-67,يگانه رجاييان(سوم1404),,,,
36-1-67,پريا سادات ميرنيام(اول1404),,,,
37-1-67,زهرا ارزاني(اول1404),,,,
38-1-67,سيده آوينا موسوي(اول1404),,,,
39-1-67,کيميا محمد زماني(سوم1404),,,,
40-1-67,سماء طاهري نسب(دوم1404),,,,
41-1-67,آوا جمالي(سوم1404),,,,
42-1-67,يلدا جهانشاهي(سوم1404),,,,
43-1-67,فاطمه زهرا انصاريپور(دوم1404),,,,
44-1-67,ثنا طاهري زاده(اول1404),,,,
45-1-67,زهرا احمدي بخش(دوم1404),,,,
46-1-67,روژان مجيدي فر(اول1404),,,,
47-1-67,نرجس سادات قدسي(اول1404),,,,
48-1-67,يکتا شفيعي(سوم1404),,,,
49-1-67,هليا رضايي(سوم1404),,,,
50-1-67,پارميدا شيراحمدي(سوم1404),,,,
51-1-67,ليانا سالک(سوم1404),,,,
52-1-67,فاطمه صادقي(دوم1404),,,,
53-1-67,ياسمين زهرا قاسمي(دوم1404),,,,
54-1-67,نازنين زهرا بخشي زاده(سوم1404),,,,
55-1-67,ترنم بهاري(اول1404),,,,
56-1-67,مائده مرداني(اول1404),,,,
57-1-67,يگانه قرقاني(دوم1404),,,,
58-1-67,شيدا دهقان ضاد(دوم1404),,,,
59-1-67,سلما سعادت(سوم1404),,,,
60-1-67,سوگند باغستاني(دوم1404),,,,
61-1-67,آوا صالحيان(دوم1404),,,,
62-1-67,آوا قرمزي(سوم1404),,,,
63-1-67,آيناز قرقاني(دوم1404),,,,
64-1-67,آدرينا اسلامي(دوم1404),,,,
65-1-67,آيسان رضائي(اول1404),,,,
66-1-67,نازنين زهرا ارجمندينا(سوم1404),,,,
67-1-67,فاطمه حوراامامي موسي آبادي (اول1404),,,,
68-1-67,زهرا حسينيان(سوم1404),,,,
69-1-67,فاطمه حسنا امامي فرزند علي(سوم1404),,,,
70-1-67,ريحانه ياوري(اول1404),,,,
71-1-67,زينب اسکندري(سوم1404),,,,
72-1-67,هدا اميري(دوم1404),,,,
73-1-67,فاطمه حورا افشارياني(سوم1404),,,,
74-1-67,حلمااميري(اول1404),,,,
75-1-67,حسنا سالاري اسفه سالاري(سوم1404),,,,
76-1-67,تيارا اميري(دوم1404),,,,
77-1-67,جانان شاه محمدي(اول1404),,,,
78-1-67,حلما اميري(اول1404),,,,
79-1-67,محدثه محمدي(دوم1404),,,,
80-1-67,زهرا صادقيان(دوم1404),,,,
81-1-67,النا عليان علي آبادي(اول1404),,,,
82-1-67,فاطمه زهرا جعفري(اول1404),,,,
83-1-67,مبينا موسوي(اول1404),,,,
84-1-67,ريحانه نجفي(سوم1404),,,,
85-1-67,سوگند رجبي(دوم1404),,,,
86-1-67,حلما سادات تقوي(دوم1404),,,,
87-1-67,زهرا حيدري(سوم1404),,,,
88-1-67,فاطمه حميدي(سوم1404),,,,
89-1-67,تيارا دوالي(دوم1404),,,,
90-1-67,بهار حيدري(سوم1404),,,,
91-1-67,باران صدري(اول1404),,,,
92-1-67,فاطمه دهقان(سوم1404),,,,
93-1-67,زکيه عشقي(اول1404),,,,
94-1-67,زينب ناظم(دوم1404),,,,
95-1-67,فاطمه قرباني(دوم1404),,,,
96-1-67,باران حاتمي(سوم1404),,,,
97-1-67,حلما مجاهدي(اول1404),,,,
98-1-67,آوا هدا(سوم1404),,,,
99-1-67,فاطمه برنا(اول1404),,,,
100-1-67,حسنا سادات علوي زاده(دوم1404),,,,
101-1-67,فاطمه حسنا آقاسي(دوم1404),,,,
102-1-67,نفس محمد رضائي(اول1404),,,,
103-1-67,کوثر سادات مدني(اول1404),,,,
104-1-67,مبينا دهقاني فرزند هادي(سوم1404),,,,
105-1-67,سيده آوين موسوي(اول1404),,,,
106-1-67,حلما حاجي هاشمي(اول1404),,,,
107-1-67,محيا محمدزماني(دوم1404),,,,
108-1-67,مهدا سادات ميرنيام(اول1404),,,,
109-1-67,فاطمه حلما شفيعي(دوم1404),,,,
110-1-67,فاطمه نصرتي(سوم1404),,,,
111-1-67,سوناي زيبايي(اول1404),,,,
112-1-67,زهرا شهرياري(دوم1404),,,,
113-1-67,زينب رحيمي(سوم1404),,,,
114-1-67,مهديس اباذري(سوم1404),,,,
115-1-67,آيسل عربي(اول1404),,,,
116-1-67,فاطمه زهرا جوشن(اول1404),,,,
117-1-67,بهار زينلي(اول1404),,,,
118-1-67,زينب ذوالفقاري(سوم1404),,,,
119-1-67,يسنا کارآور(سوم1404),,,,
120-1-67,حانيه همت(اول1403),,,,
121-1-67,نازنين زهرا خليلي(دوم1403),,,,
122-1-67,نازگل اسدي موخر(دوم1403),,,,
123-1-67,فاطمه سادات کهنگي(سيد جعفر)(اول 1403),,,,
124-1-67,ريحانه قديري(دوم1403),,,,
125-1-67,نهال سادات ميرصادق(سوم1403),,,,
126-1-67,فاطمه حسنا اطرشي(سوم1403),,,,
127-1-67,بهار سوري(اول1403),,,,
128-1-67,النا صالحي(دوم1403),,,,
129-1-67,زهرا سادات مدينه(سوم1403),,,,
130-1-67,نازنين زهرا خمي(دوم1403),,,,
131-1-67,فاطمه خادم(سوم1403),,,,
132-1-67,رستا رحمتي,,,,
133-1-67,کوثرنيک پور(اول1403),,,,
134-1-67,محدثه کديور(اول1403),,,,
135-1-67,نازنين شهبازي شورباخورلو(سوم1403),,,,
136-1-67,فاطمه سادات رهنمائي(سوم1403),,,,
1967-01-02 00:00:00,پرنيا حيدريان(ششم1404),,,,
1967-02-02 00:00:00,فاطمه هاشم پور(ششم1404),,,,
1967-03-02 00:00:00,مهشيد يعقوبي(ششم1404),,,,
1967-04-02 00:00:00,تيدا نره ئي(چهارم1404),,,,
1967-05-02 00:00:00,يسنا رهايي(پنجم1404),,,,
1967-06-02 00:00:00,کيميا ياوري(پنجم1404),,,,
1967-07-02 00:00:00,مليکا شريعتي(پنجم1404),,,,
1967-08-02 00:00:00,شيدا قرقاني(پنجم 1404),,,,
1967-09-02 00:00:00,زهرا سادات قريشي(پنجم1404),,,,
1967-10-02 00:00:00,يسنا سادات حسيني(پنجم1404),,,,
1967-11-02 00:00:00,سيده بهار رضوي(پنجم1404),,,,
1967-12-02 00:00:00,ديانا شهبازي(پنجم1404),,,,
13-2-67,فاطمه روانشاد(پنجم1404),,,,
14-2-67,هلما رجائيان(پنجم1404),,,,
15-2-67,نازنين زهرا نصيريان(ششم1404),,,,
16-2-67,حورا سادات ميرفتاح(ششم1404),,,,
17-2-67,سيده مائده موسوي(ششم1404),,,,
18-2-67,ساينا اکبري (پنجم1404),,,,
19-2-67,زهرا محمدرضايي(پنجم1404),,,,
20-2-67,فاطيما فروزنده(ششم1404),,,,
21-2-67,حديث سامع(ششم1404),,,,
22-2-67,آيسا رحيمي(ششم1404),,,,
23-2-67,کوثر انصاري(ششم1404),,,,
24-2-67,بهار سادات تقوي(چهارم1404),,,,
25-2-67,مهلا نصيري(ششم1404),,,,
26-2-67,بهار مميز(ششم1404),,,,
27-2-67,باران مميز(ششم1404),,,,
28-2-67,نازنين صفدريان(ششم1404),,,,
29-2-67,ساجده صالحپور(ششم1404),,,,
30-2-67,صابره خالصي(ششم1404),,,,
31-2-67,نازنين زهرا محمدي(چهارم1404),,,,
32-2-67,ساينا اميرزاده(ششم1404),,,,
33-2-67,فاطمه زهرا رضائي(چهارم1404),,,,
34-2-67,فاطمه متقي(چهارم1404),,,,
35-2-67,فاطمه کاظميني(چهارم1404),,,,
36-2-67,ثنا اسکندري(چهارم1404),,,,
37-2-67,فاطمه خسرواني شيري(چهارم1404),,,,
38-2-67,زينب منصف(ششم1404),,,,
39-2-67,نيايش حداد(چهارم1404),,,,
40-2-67,فاطمه کرمي(ششم1404),,,,
41-2-67,مرضيه محلوجي(ششم1404),,,,
42-2-67,فاطمه حسنا يونسي(پنجم1404),,,,
43-2-67,مطهره قاسمي(ششم1404),,,,
44-2-67,ريحانه قاسمي(ششم1404),,,,
45-2-67,آيسن رضافر(پنجم1404),,,,
46-2-67,سيده پرنيان موسوي(ششم1404),,,,
47-2-67,مريم سامع(ششم1404),,,,
48-2-67,سلاله سادات بطحايي(ششم1404),,,,
49-2-67,فاطمه زهرا جلاليان(چهارم1404),,,,
50-2-67,مهديه الهيان(ششم1404),,,,
51-2-67,ثمين سليماني(پنجم1404),,,,
52-2-67,اسما عربي نره(چهارم1404),,,,
53-2-67,ثمين زهرا جاوري(چهارم1404),,,,
54-2-67,زينب غريبي(پنجم1404),,,,
55-2-67,فاطمه زهرا کاظمي(پنجم1404),,,,
56-2-67,نهال نصيري(چهارم1404),,,,
57-2-67,زينب پورخاقان(چهارم1404),,,,
58-2-67,نازنين زهرا گرامي(چهارم1404),,,,
59-2-67,زهرا سادات قدسي(پنجم1404),,,,
60-2-67,فاطمه حسنا سادات بحريني(چهارم1404),,,,
61-2-67,سيده آيلين ميرباقري(چهارم1404),,,,
62-2-67,سلما مقدس زاده(چهارم1404),,,,
63-2-67,حلما سادات تقوي(پنجم1404),,,,
64-2-67,فائزه صالحپور(چهارم1404),,,,
65-2-67,آناهيتا قرمزي(چهارم1404),,,,
66-2-67,فاطمه انصاري(ششم1404),,,,
67-2-67,مائده السادات طباطباء(چهارم1404),,,,
68-2-67,فاطمه رحيمي(چهارم1404),,,,
69-2-67,رها رضايي(پنجم 1404),,,,
70-2-67,ثنا تقي زاده(پنجم1404),,,,
71-2-67,فاطمه اختري(ششم1404),,,,
72-2-67,اسما احساني(پنجم1404),,,,
73-2-67,هديه زهرا سوندي(چهارم1404),,,,
75-2-67,فريماه عربي نره( پنجم1404),,,,
76-2-67,فاطيما تيموريان(پنجم1404),,,,
77-2-67,مهديس احساني(ششم1404),,,,
78-2-67,تارا اميري(ششم1404),,,,
79-2-67,زهرا الهي نژاد(ششم1404),,,,
80-2-67,حکيمه بهزادي(پنجم1404),,,,
81-2-67,آرميتا نبوي(ششم1404),,,,
82-2-67,نگار بيغم(چهارم1404),,,,
83-2-67,فاطمه الهي نژاد(ششم1404),,,,
84-2-67,آوين بصيرت(ششم1404),,,,
85-2-67,نازنين زهرا رستگار(چهارم1404),,,,
86-2-67,زهرا صادقي(چهارم1404),,,,
87-2-67,فاطمه ثنا احساني(چهارم1404),,,,
88-2-67,زينب اسماعيلي(چهارم1404),,,,
89-2-67,فاطمه تيموريان(چهارم1404),,,,
90-2-67,مبينا ثالثي(چهارم1404),,,,
91-2-67,يسنا گرامي(چهارم1404),,,,
92-2-67,يسنا اکبري(چهارم1404),,,,
93-2-67,ستاره اقابزرگي(ششم1404),,,,
94-2-67,زينب حسن پوري(پنجم1404),,,,
95-2-67,حانيه قرقاني(پنجم1404),,,,
96-2-67,حديثه سالاري اسفه سالاري(ششم1404),,,,
97-2-67,حلما اميري(چهارم1404),,,,
98-2-67,فرشته شمسايي(چهارم1403),,,,
99-2-67,يسنا احتشامي(ششم1403),,,,
100-2-67,زينب انصاري(ششم1403),,,,
101-2-67,آيسان پيرمرادي(ششم1403),,,,
102-2-67,رقيه غلامي(ششم1403),,,,
103-2-67,صبا والا مطلق(ششم1403),,,,
104-2-67,فاطمه زينلي(ششم1403),,,,
105-2-67,فاطمه زهرا جمشيدي قهه(ششم1403),,,,
107-2-67,پارميس ميرزايي(ششم1403),,,,
108-2-67,السانا فرهادي(پنجم1403),,,,
109-2-67,مرضيه کاويانپور(ششم1403),,,,
110-2-67,سيده زهرا موسوي خو(ششم1403),,,,
111-2-67,عطيه زهرا يونسي(ششم1403),,,,
112-2-67,تسنيم نادم(ششم1403),,,,
113-2-67,زهرا عباسي(چهارم1403),,,,
114-2-67,سوگل عاشوري منفرد(ششم1403),,,,
115-2-67,الينا پيرمراديان(ششم1403),,,,
116-2-67,هانيه شهبازي(ششم1403),,,,
117-2-67,فاطمه اعرابي(ششم1403),,,,
118-2-67,مريم ايزدي(ششم1403),,,,
119-2-67,مريم سادات رجايي(ششم1403),,,,
120-2-67,مانا طاهري نسب(ششم1403),,,,
121-2-67,عارفه سبحاني(ششم1403),,,,
122-2-67,زهرا برده جي(ششم1403),,,,
123-2-67,هلنا فرهنگ دوست(ششم1403),,,,
124-2-67,زهرا قاسمي فرزند عليرضا(ششم1403),,,,
125-2-67,مطهره نصيريان(ششم1403),,,,
126-2-67,هانيه خالدي نسب(ششم1403),,,,
127-2-67,فاطمه خالدي نسب(چهارم1403),,,,
128-2-67,ليدا سادات موسوي(ششم1403),,,,
129-2-67,يلدا شفيعي(ششم1403),,,,
130-2-67,فاطمه عباسي فرزند بيژن(ششم1403),,,,
131-2-67,فاطمه قرمزي(ششم1403),,,,
132-2-67,اليما پيرمراديان(ششم1403),,,,
133-2-67,زهرا آرامي(ششم1403),,,,
134-2-67,زهرا محرابي پور(ششم1403),,,,
135-2-67,نازنين زهرا رضايي (ششم1403),,,,
136-2-67,فاطمه زهرا جمي(ششم1403),,,,
137-2-67,حديث نيک بخت(چهارم1403),,,,
138-2-67,نازنين زهرا کاميابي امنيه(ششم1403),,,,
139-2-67,نازنين زهرا حمزوي(ششم1403),,,,
140-2-67,فاطمه کارگر,,,,
141-2-67,نرجس پور کاظمي,,,,
142-2-67,فاطمه حسنا کريمي (ششم),,,,
1967-01-03 00:00:00,کيان احساني(دوم1404),,,,
1967-02-03 00:00:00,ياسين دهقاني(سوم1404),,,,
1967-03-03 00:00:00,محمدجواد نوري(دوم1404),,,,
1967-04-03 00:00:00,عباس صابري(دوم1404),,,,
1967-05-03 00:00:00,آرسام آوين(دوم1404),,,,
1967-06-03 00:00:00,محمدسالار افشاري(دوم1404),,,,
1967-07-03 00:00:00,سيددانيال نوابي(دوم1404),,,,
1967-08-03 00:00:00,کياشا دانشگر(دوم1404),,,,
1967-09-03 00:00:00,سيدمحمدپارسا موسوي(دوم1404),,,,
1967-10-03 00:00:00,سهراب محمديان(دوم1404),,,,
1967-11-03 00:00:00,محمدحسين رضاشهرضا(سوم1404),,,,
1967-12-03 00:00:00,اميرعباس کريمي(دوم1404),,,,
13-3-67,اميرعباس سوندي(دوم1404),,,,
14-3-67,کارن فرهادي(دوم1404),,,,
15-3-67,علي شاهمندي(دوم1404),,,,
16-3-67,سيداميرمحمد ميرزائي(دوم1404),,,,
17-3-67,محمدکيان حيدري(دوم1404),,,,
18-3-67,محسن سليمي(دوم1404),,,,
19-3-67,اميرعباس جانقربان(دوم1404),,,,
20-3-67,کيان اميني(دوم1404),,,,
21-3-67,طاها ايزديان(دوم1404),,,,
22-3-67,محمدرضا ارزاني(دوم1404),,,,
23-3-67,علي آقالر(دوم1404),,,,
24-3-67,حسين مرادي(دوم1404),,,,
25-3-67,اميرعباس مقصودي(دوم1404),,,,
26-3-67,اميررضا سعيدي(دوم1404),,,,
27-3-67,اميرصدرا قاسمي(دوم1404),,,,
28-3-67,علي قرباني بواني(دوم1404),,,,
29-3-67,سيد رادوين حسيني(دوم1404),,,,
30-3-67,امير محمد تاکي(سوم1404),,,,
31-3-67,رادين نوروزي(سوم1404),,,,
32-3-67,محمدمهدي ملکيان(سوم1404),,,,
33-3-67,حسين کاظمي(دوم1404),,,,
34-3-67,اميرعلي فرجام(دوم1404),,,,
35-3-67,يونس باقرپور(سوم1404),,,,
36-3-67,محمد فواد هادي(سوم1404),,,,
37-3-67,محمدعباس اميرزاده(دوم1404),,,,
38-3-67,اميرارسلان اکبري(دوم1404),,,,
39-3-67,فرهاد شيرپور(دوم1404),,,,
40-3-67,مهرسام شيرپور(دوم1404),,,,
41-3-67,سپهر ايزدي لاي بيدي(دوم1404),,,,
42-3-67,محمد طاها پورزاهد(سوم1404),,,,
43-3-67,اميرعلي اسفند پور(دوم1404),,,,
44-3-67,ماهان عليان(دوم1404),,,,
45-3-67,محمد شهبازي(سوم1404),,,,
46-3-67,محمد صالح قرمزي(سوم1404),,,,
47-3-67,سيدمحمدجوادتقوي(دوم1404),,,,
48-3-67,سهيل اميري(سوم1404),,,,
49-3-67,محمدعلي عرفان(دوم1404),,,,
50-3-67,غلامحسين تاکي(سوم1404),,,,
51-3-67,امير علي محمد خاني(سوم1404),,,,
52-3-67,نيما دهقان شهرضائي(سوم1404),,,,
53-3-67,محمد ابراهيم تاکي(سوم1404),,,,
54-3-67,اميرعلي صالح فرزند حسام الدين نور1(دوم1404),,,,
55-3-67,سلمان قاسمي موسي آبادي(سوم1404),,,,
56-3-67,رضا رامش(سوم1404),,,,
57-3-67,حسام گلابي(سوم1404),,,,
58-3-67,محمد راستين بصيرت(سوم1404),,,,
59-3-67,ابوالفضل جعفري دزکي(سوم1404),,,,
60-3-67,محمد ياسين جباري(سوم1404),,,,
61-3-67,اميرحسين مولوي(سوم1404),,,,
62-3-67,سيد عليرضا موسوي(سوم1404),,,,
63-3-67,محمد صدرا انصاريپور جرم افشاري(سوم1404),,,,
64-3-67,سيدرضا ميراجاق(سوم1404),,,,
65-3-67,محمد ياسين عرفان(سوم1404),,,,
66-3-67,سيداميرعلي ميرنيام(دوم1404),,,,
67-3-67,ياسين عسکري شهيدي(سوم1404),,,,
68-3-67,محمد هاتف شريفاني(سوم1404),,,,
69-3-67,احسان محمديان کرويه(سوم1404),,,,
70-3-67,محمد طاها کاوياني(سوم 1404),,,,
71-3-67,محمد پارسا سهرابي(سوم1404),,,,
72-3-67,امير طاها احمديان(سوم1404),,,,
73-3-67,دايان رحيمي رضائي(دوم1404),,,,
74-3-67,سيد ابوالفضل ميرنيام شهرضا(سوم1404),,,,
75-3-67,اميرعلي انصاري(دوم1404),,,,
76-3-67,محمد حسين حيدري(سوم1404),,,,
77-3-67,محمدعلي مميز(دوم1404),,,,
78-3-67,محمدمهدي محمدخاني(سوم1404),,,,
79-3-67,يونس ذبيحي(دوم1404),,,,
80-3-67,امير علي شفيعي(سوم1404),,,,
81-3-67,آراد ملجائي(دوم1404),,,,
82-3-67,اميرعلي قاسمي(دوم1404),,,,
83-3-67,آراد تيربازاري(دوم1404),,,,
84-3-67,محمد کيان مختاري(اول1404),,,,
85-3-67,محمد طاها علي اکبري(سوم1404),,,,
86-3-67,سيد محمد صدرا طبا طبا(سوم1404),,,,
87-3-67,محمد کياني(سوم1404),,,,
88-3-67,محمدمبين عشقي(دوم1404),,,,
99-3-67,اميرعباس عموعلي(اول1404),,,,
100-3-67,محمد متين محمديان(اول1404),,,,
101-3-67,ايليا رهنمائي(اول1404),,,,
102-3-67,کيان محمدي رهيزي(اول1404),,,,
103-3-67,محمد متين آقايي(اول1404),,,,
104-3-67,محمد حسن کاظميني(اول1404),,,,
105-3-67,اميررضا شفيعي(اول1404),,,,
106-3-67,مهدي جباري(اول1404),,,,
107-3-67,محمد هادي گمنام (اول1404),,,,
108-3-67,محمدطاها علي عابدي(اول1404),,,,
109-3-67,محمد عليمرداني(اول1404),,,,
110-3-67,محمد طاها کريمي(اول1404),,,,
111-3-67,سيدعلي اصغر طبائيان(اول1404),,,,
112-3-67,محمدامين ذهبي(اول1404),,,,
113-3-67,اميرعلي قاسمي(اول1404),,,,
114-3-67,حامد کاظمي(اول1404),,,,
115-3-67,سيدمحمد حسين حجازي(اول1404),,,,
116-3-67,سپهر احمديان(اول1404),,,,
117-3-67,محمدحسين عربلونره ء(اول1404),,,,
118-3-67,کيان نصيري(اول 1404),,,,
119-3-67,کيان دهقان(اول1404),,,,
120-3-67,محمد سجاد قاسمي(اول1404),,,,
121-3-67,اميرمحمد شاه چراعي(اول1404),,,,
122-3-67,آرميا نره ئي(اول1404),,,,
123-3-67,محمدحسين شايان(اول1404),,,,
124-3-67,کيان موسوي(اول1404),,,,
125-3-67,سيد برديا ميرپور(اول1404),,,,
126-3-67,محمد سام نادري(اول1404),,,,
127-3-67,هيراد نادريان(اول1404),,,,
128-3-67,محمدمهدي طاهري(اول1404),,,,
129-3-67,محمدجواد سليماني(اول1404),,,,
130-3-67,محمدحسين نوري(اول1404),,,,
131-3-67,سيد امير عباس قريشي(اول1404),,,,
132-3-67,کيان شفيعي(اول1404),,,,
133-3-67,محمدحسين اسماعيل پور(اول1404),,,,
134-3-67,پوريا اميري(اول1404),,,,
135-3-67,اميرعلي بلوند قنبري(اول1404),,,,
136-3-67,محمدرضا دهقاني(اول1404),,,,
137-3-67,اميرمحمد رشماني(اول1404),,,,
138-3-67,اميرمحمد ناطقي(سوم1404),,,,
139-3-67,اميرعلي غضنفري(سوم1404),,,,
140-3-67,محمدفضل الهي(سوم1403),,,,
141-3-67,ايليا آقابزرگي(اول1403),,,,
142-3-67,محمدطاها آقاسي فرزند محسن(سوم1403),,,,
143-3-67,محسن نيک پور(سوم1403),,,,
144-3-67,طاها مندکيان(اول1403),,,,
145-3-67,ماهان ربيعي(مجيد)(سوم1403),,,,
146-3-67,اميد نصيري(سوم1403),,,,
147-3-67,محمد سجاد صدري(سوم1403),,,,
148-3-67,امير حسين جانقربان(سوم1403),,,,
149-3-67,محمدرضا نوري(سوم1403),,,,
150-3-67,حسين نصيري شهرضا(دوم1403),,,,
151-3-67,اميرعلي اديب نيا(سوم1403),,,,
152-3-67,کيارش محسن پور(دوم1403),,,,
153-3-67,امير علي رامين فر(سوم1403),,,,
1967-01-04 00:00:00,اميرمحمد ناظم(ششم1403),,,,
1967-02-04 00:00:00,حامد صديقيان(1403),,,,
1967-03-04 00:00:00,امير عباس شيرپور(ششم1403),,,,
1967-04-04 00:00:00,سيد محمد موسوي(پنجم1403),,,,
1967-05-04 00:00:00,ياسين احساني(ششم1403),,,,
1967-06-04 00:00:00,محمد طاها انصاري(ششم1403),,,,
1967-07-04 00:00:00,امير علي بابايي(ششم1403),,,,
1967-08-04 00:00:00,محمد صادق قديري(ششم1403),,,,
1967-09-04 00:00:00,محمد مصطفي عجمي(ششم1403),,,,
1967-10-04 00:00:00,رضا نصرتي(ششم1403),,,,
1967-11-04 00:00:00,عرفان بهرامي ميرآبادي(ششم1403),,,,
1967-12-04 00:00:00,اهورا قرقاني(ششم1403),,,,
13-4-67,امير علي صالحي(ششم1403),,,,
14-4-67,محمد مهدي صدري(ششم1403),,,,
15-4-67,مهديار فرزانه(ششم1403),,,,
16-4-67,امير عباس غريبي(ششم1403),,,,
17-4-67,سيد محمد فواد طباييان(ششم1403),,,,
18-4-67,محمد صالح حاجيان حسين آبادي(ششم1403),,,,
19-4-67,عماد يزداني(ششم1403),,,,
20-4-67,اميرسام عسکريان خوب(ششم1403),,,,
21-4-67,اميرحسين بلالي(چهارم1403),,,,
22-4-67,امير عباس مللي(ششم1403),,,,
23-4-67,اميرعلي نصيري(چهارم1403),,,,
24-4-67,ابوالفضل آقائي(ششم1403),,,,
25-4-67,طاها آذر کيان(چهارم1403),,,,
26-4-67,محمد صادق ماهر(ششم1403),,,,
27-4-67,طاها وليخاني(ششم1403),,,,
28-4-67,مهدي رضائي(ششم1403),,,,
29-4-67,امير عباس همت(ششم1403),,,,
30-4-67,طاها محمدي(ششم1403),,,,
31-4-67,محمدعلي اميري پور(چهارم1403),,,,
32-4-67,يحيي قرمزي(ششم1403),,,,
33-4-67,طاها نصيري(ششم1403),,,,
34-4-67,علي هادي(ششم1403),,,,
35-4-67,محمدحسين انصاري(ششم1403),,,,
36-4-67,محمدحسين اعرابي(چهارم1403),,,,
37-4-67,محمد مهدي جمالي(ششم1403),,,,
38-4-67,محمد پارسا کفاش(ششم1403),,,,
39-4-67,امير علي سودايي(ششم1403),,,,
40-4-67,محمد صادق کديور(پنجم1403),,,,
41-4-67,محمد جواد يوسفيان(ششم1403),,,,
42-4-67,محمد امين سعيدي ابواسحقي(پنجم1403),,,,
43-4-67,کسري سالک(ششم1403),,,,
44-4-67,اميرعلي شيراحمدي(پنجم1403),,,,
45-4-67,اميرمحمد رهنمايي(ششم1403),,,,
46-4-67,اميرعلي شبانپور(1403),,,,
47-4-67,محمد جواد چلمقاني(رضويان1403),,,,
48-4-67,اميرعباس محمديان (چهارم1404),,,,
49-4-67,مهدي نصيري(پنجم1404),,,,
50-4-67,سيد امير علي موسوي کيفته فرزند صابر(چهارم1404),,,,
51-4-67,محمد ايمان آقايي(نور2 کلاس پنجم1404),,,,
52-4-67,محمد پارسانظري(نور2 کلاس پنجم1404),,,,
53-4-67,محمد حسين بهرامي(ششم1404),,,,
54-4-67,سيد مبين اهلي(نور2کلاس پنجم1404),,,,
55-4-67,حسين قاسمي(چهارم1404),,,,
56-4-67,محمدرضا زينعلي(چهارم1404),,,,
57-4-67,سيدمحمد حسين تقوي(پنجم1404),,,,
58-4-67,محمدطاها باقي(ششم1404),,,,
59-4-67,مبين يعقوبي(ششم1404),,,,
60-4-67,محمدپارسا کشاورز(ششم1404),,,,
61-4-67,محمدسبحان نجفي(چهارم1404),,,,
62-4-67,محمد رضا زينلي(چهارم1404),,,,
63-4-67,سيد علي رهنمايي(پنجم1404),,,,
64-4-67,يوسف رستگار(پنجم1404),,,,
65-4-67,علي احسان گلزار(چهارم1404),,,,
66-4-67,مبين رسوليان(ششم1404),,,,
67-4-67,پرهام نره ئي(چهارم1404),,,,
68-4-67,محمد علي کريمي(ششم1404),,,,
69-4-67,سيدعليرضا بحريني(چهارم1404),,,,
70-4-67,محمد مبين شادمان پور(ششم1404),,,,
71-4-67,عليرضا سليماني(چهارم1404),,,,
72-4-67,عليرضا عمادي(ششم1404),,,,
73-4-67,آروين محمديان(ششم1404),,,,
74-4-67,امير حسام يوسفيان(ششم1404),,,,
75-4-67,عليرضا عباسي اسفه سالاري(چهارم1404),,,,
76-4-67,محمدرضا طاهري(ششم1404),,,,
77-4-67,اميرمحمد جهانبخش(پنجم 1404),,,,
78-4-67,محمد مهدي صيادي(ششم1404),,,,
79-4-67,احمدرضا عبدالهي(ششم1404),,,,
80-4-67,مهدي نريماني(ششم1404),,,,
81-4-67,امير علي عباسي(چهارم1404),,,,
82-4-67,صادق حيدري(پنجم1404),,,,
83-4-67,مهديار پريشان(پنجم1404),,,,
84-4-67,محمد هادي ادهمي(ششم1404),,,,
85-4-67,محمدحسين صمدي شهرضا(چهارم1404),,,,
86-4-67,محمد امين جعفري(پنجم1404),,,,
87-4-67,سيد علي علوي زاده(ششم1404),,,,
88-4-67,محمدمهدي رضائي(چهارم1404),,,,
89-4-67,اميرعباس شاهچراغي(پنجم1404),,,,
90-4-67,محمد مهدي سقيمي(پنجم1404),,,,
91-4-67,سيد امير محمد طباطباء(پنجم1404),,,,
92-4-67,سيداميرحسين موسوي(پنجم1404),,,,
93-4-67,علي جباري(پنجم1404),,,,
94-4-67,ابوالفضل استادمحمدي(ششم1404),,,,
95-4-67,محمد علي بلوند قنبري(ششم1404),,,,
96-4-67,اميرعلي آقاخاني(پنجم1404),,,,
97-4-67,ايليا قرقاني فرزند غلامعلي(ششم1404),,,,
98-4-67,محمد حسين شيرعلي(پنجم1404),,,,
99-4-67,محمد يوسف پورسعيد(پنجم1404),,,,
100-4-67,محمد ابراهيم بهزادفر(پنجم1404),,,,
101-4-67,اميرعلي قرقاني پور(پنجم1404),,,,
102-4-67,صدرا شفي(پنجم1404),,,,
103-4-67,کيان مومنيان(پنجم1404),,,,
104-4-67,محمدرضا سلطاني(پنجم1404),,,,
105-4-67,محمد طاها علمدار(ششم1404),,,,
106-4-67,محمدمهدي عباسي(ششم1404),,,,
107-4-67,اميرعباس آقاسي(پنجم1404),,,,
108-4-67,محمد طاها طالبپور(پنجم1404),,,,
109-4-67,محمد رئوف نيک پور(ششم1404),,,,
110-4-67,محمدطاها ثالثي(چهارم1404),,,,
111-4-67,سيد حسين قريشي(ششم1404),,,,
112-4-67,سروش عشقي(ششم1404),,,,
113-4-67,ابوالفضل ابافت(پنجم1404),,,,
114-4-67,اميرعباس کاوياني(پنجم1404),,,,
115-4-67,امير محمد شاهچراغي(پنجم1404),,,,
116-4-67,محمد صالح اکبري(پنجم1404),,,,
117-4-67,محمدمهدي عموعلي(چهارم1404),,,,
118-4-67,آروين تک بند(پنجم1404),,,,
119-4-67,اميرعلي قاسمي(چهارم1404),,,,
120-4-67,اميرحسين رامين(پنجم1404),,,,
121-4-67,اميرعباس گلابي(چهارم1404),,,,
122-4-67,محمد حسين فخري(ششم1404),,,,
123-4-67,محمد طاها تاکي(پنجم1404),,,,
124-4-67,اميرمحمد رامين(پنجم1404),,,,
125-4-67,ايليا اميري(پنجم1404),,,,
126-4-67,محمد مهدي حميدي(پنجم1404),,,,
127-4-67,محمد عارف نصيري(پنجم1404),,,,
128-4-67,محمد ماهان کريمي فرد(پنجم1404),,,,
129-4-67,محمدسبحان رضايي(چهارم1404),,,,
130-4-67,متين سبزواري(چهارم1404),,,,
131-4-67,اميرحسين کاظمي پور(پنجم1404),,,,
132-4-67,محمد امين علي عابدي(پنجم1404),,,,
133-4-67,اميرحسين کاوياني(پنجم1404),,,,
134-4-67,مهرسام بهرامي(چهارم1404),,,,
135-4-67,رادوين يعقوبي(پنجم1404),,,,
136-4-67,اميرعباس رامين(پنجم1404),,,,
137-4-67,سجادرضويان(چهارم1404),,,,
138-4-67,محمداسماعيل کاظمي(پنجم1404),,,,
139-4-67,محمدطه عابدي(ششم1404),,,,
140-4-67,حسين علي کريميان(پنجم1404),,,,
141-4-67,محمدسجاد نجفي(ششم1404),,,,
142-4-67,محمد مهدي يوسفيان(چهارم1404),,,,
143-4-67,محمد طاها طاهري زاده(ششم1404),,,,
144-4-67,محمدصالح بهار(ششم1404),,,,
145-4-67,اميرحسين عموعلي(ششم1404),,,,
146-4-67,محمد امين خادم(ششم1404),,,,
147-4-67,امير محمد مختاري(ششم1404),,,,
148-4-67,محمدهادي ربيعي(ششم1404),,,,
149-4-67,محمد حيدرپور(چهارم1404),,,,
150-4-67,محمد مهدي سليماني پور(ششم1404),,,,
151-4-67,احسان معظي(پنجم1404),,,,
152-4-67,اميررضا رزم پور(پنجم1404),,,,
153-4-67,محمدرضا کريميان(پنجم1404),,,,
154-4-67,اميرعباس رضايي(پنجم1404),,,,
155-4-67,محمدآقالر(پنجم1404),,,,
156-4-67,علي دهقان(پنجم1404),,,,
157-4-67,محمد طه تيموريان(پنجم1404),,,,
158-4-67,اميرعباس محمدخاني(پنجم1404),,,,
159-4-67,سيد عليرضا طبيبيان(پنجم1404),,,,
160-4-67,محمدعلي محمدي(پنجم1404),,,,
161-4-67,محمد خورسندي(پنجم1404),,,,
162-4-67,سيد محمد ميثم مدينه(چهارم1404),,,,
163-4-67,محمد طاها حکمتي فراز(ششم1404),,,,
164-4-67,محمدحسين صفدريان(پنجم1404),,,,
165-4-67,احمدرضا علي عابدي(پنجم1404),,,,
166-4-67,محمد طاها کريمي(پنجم1404),,,,
167-4-67,محمد  پورشريف(ششم1404),,,,
168-4-67,سينا چوبدار(ششم1404),,,,
169-4-67,امير حسين سعادت سعادت آبادي(چهارم1404),,,,
170-4-67,محمد متين قاسمي(ششم1404),,,,
171-4-67,علي تاکي(چهارم1404),,,,
172-4-67,ابوالفضل خليلي(ششم1404),,,,
173-4-67,محمد خسروي(نور 2 کلاس پنجم1404),,,,
174-4-67,محمدمهدي مجيدي فر(ششم1404),,,,
175-4-67,محمد قنبري اميرآبادي(چهارم1404),,,,
176-4-67,محمد ماهان نصيري(پنجم1404),,,,
177-4-67,اميرعلي بکياني(چهارم1404),,,,
178-4-67,اميرعلي مللي(چهارم1404),,,,
179-4-67,محمدآرمان کريمي فرد(چهارم1404),,,,
180-4-67,آرمين درويش پوريان(چهارم1404),,,,
181-4-67,محمد امين قنبري(ششم1404),,,,
182-4-67,محمد امين سعيدي(ششم1404),,,,
183-4-67,محمدهادي خاکسار(ششم1404),,,,
1967-01-09 00:00:00,السانا رئيسي1403,,,,
1967-02-09 00:00:00,ابوالفضل صفدريان1403,,,,
1967-03-09 00:00:00,ستايش قاسمي1403,,,,
1967-04-09 00:00:00,زهرا رحيمي(رحمت اله)1403,,,,
1967-05-09 00:00:00,عرشيا حاجتي1403,,,,
1967-06-09 00:00:00,فاطمه زهرا کوهي1403,,,,
1967-07-09 00:00:00,پارسا عاشوري1403,,,,
1967-08-09 00:00:00,فاطمه زهرا سعيدي1404,,,,
1967-09-09 00:00:00,بنيامين صيانت1404,,,,
1967-10-09 00:00:00,نازلي جهانگيري1404,,,,
1967-11-09 00:00:00,ضحي برزکار1404,,,,
1967-12-09 00:00:00,فائزه رحيمي1404,,,,
13-9-67,آريا حقيقي1404,,,,
14-9-67,اميررضا برزه کار1404,,,,
15-9-67,علي سام حسيني1404,,,,
1967-01-10 00:00:00,حلما مرتضوي کيا1403,,,,
1967-02-10 00:00:00,فاطمه فخار1403,,,,
1967-03-10 00:00:00,معصومه سادات حجازي1403,,,,
1967-04-10 00:00:00,نازنين فاطمه مولائيان1403,,,,
1967-05-10 00:00:00,روژان مجيدي فر1403,,,,
1967-06-10 00:00:00,مرسانا محمديان1403,,,,
1967-07-10 00:00:00,ثنا حاجيان حسين آبادي1403,,,,
1967-08-10 00:00:00,محمد بهراد سبزواري1403,,,,
1967-09-10 00:00:00,ارميا نره اي1403,,,,
1967-10-10 00:00:00,علي فلکي1403,,,,
1967-11-10 00:00:00,الينا آقائي1403,,,,
1967-12-10 00:00:00,اسراء عابدي1403,,,,
13-10-67,ترنم نره اي1403,,,,
14-10-67,فردين رضايي1403,,,,
15-10-67,فاطمه حسنا بهداد1403,,,,
16-10-67,عليرضا قاسمي اسفه سالاري1403,,,,
17-10-67,مهراد عموهادي1403,,,,
18-10-67,يسنا بهداد1403,,,,
19-10-67,محمدمهدي طاهري1403,,,,
20-10-67,رها فتحي1403,,,,
21-10-67,نوشين جهانگيري1403,,,,
22-10-67,بيتا بيات1403,,,,
23-10-67,پارسا قره قاني1403,,,,
24-10-67,آراد عابدي1403,,,,
25-10-67,ملينا دهقان1403,,,,
26-10-67,محمدکيان قاسمي1403,,,,
27-10-67,امين مرداني1403,,,,
28-10-67,زينب کاظمي1403,,,,
29-10-67,محمدحسام قاسمي1403,,,,
30-10-67,محمدسالک پور1403,,,,
31-10-67,محمدحسين نوري1403,,,,
32-10-67,محمدطاها حسن پوري1403,,,,
33-10-67,محمدطاها علي عابدي1403,,,,
34-10-67,کيانا مندک1403,,,,
35-10-67,فاطمه صفري1403,,,,
36-10-67,محمدحسين عربلونرء1403,,,,
37-10-67,عليرضا کاوسي1403,,,,
38-10-67,وحيد صديقيان1403,,,,
39-10-67,ثنا طاهري زاده1403,,,,
40-10-67,ريحانه اسحاقي1403,,,,
41-10-67,حامد کاظمي1403,,,,
42-10-67,پوريا اميري1403,,,,
43-10-67,کيان نصيري1403,,,,
44-10-67,رقيه علي پناهي1403,,,,
45-10-67,احمدرضا کاووسي1403,,,,
46-10-67,آرسام موسوي1403,,,,
47-10-67,ضحا رضايي1403,,,,
48-10-67,محمدطاها حسيني1403,,,,
49-10-67,پدرام سبزواري پور1403,,,,
50-10-67,هيراد نادريان1403,,,,
51-10-67,آفرين رفيعيان1403,,,,
52-10-67,الينا محمدي1404,,,,
53-10-67,صدرا مقدس زاده1404,,,,
54-10-67,مهنور آقاپور1404,,,,
55-10-67,سدنا باباربيع1404,,,,
56-10-67,رها نقوي1404,,,,
57-10-67,اميرحسين حاجي جاني1404,,,,
58-10-67,آيين آقايي1404,,,,
59-10-67,محمدسبحان شادمند1404,,,,
60-10-67,پارسا رهنمايي1404,,,,
61-10-67,محمد علي ايمان پور1404,,,,
62-10-67,حسين نقوي1404,,,,
63-10-67,پانيسا موسوي1404,,,,
64-10-67,آنيسا محموديه1404,,,,
65-10-67,فاطيما انصاري1404,,,,
66-10-67,آتريسا محمدرحيمي1404,,,,
67-10-67,عسل محمدرضائي1404,,,,
68-10-67,ليانا ملکيان1404,,,,
69-10-67,مهلا اميري1404,,,,
70-10-67,فاطمه معصومه تن ساز1404,,,,
71-10-67,باران پورسليمان1404,,,,
72-10-67,اميرحسين ماهر1404,,,,
73-10-67,هانيه نظريت1404,,,,
74-10-67,سيدطاها اهلي1404,,,,
75-10-67,مرسانا مصلحي1404,,,,
76-10-67,زهرا سلماني1404,,,,
77-10-67,زهراکمالي قهه1404,,,,
78-10-67,فاطمه رحيمي1404,,,,
79-10-67,رها پايدار1404,,,,
80-10-67,راحيل صفري زاده1404,,,,
81-10-67,حسنا کاجي1404,,,,
82-10-67,ثنا آقاجاني1404,,,,
83-10-67,پريا انصاري1404,,,,
84-10-67,زهرا نوري1404,,,,
85-10-67,سما توکلي زيارتگاهي1404,,,,
86-10-67,يسنا سادات موسوي نره1404,,,,
87-10-67,پناه سادات فاطمي1404,,,,
88-10-67,حنانه حيدري1404,,,,
89-10-67,تيانا رضايي1404,,,,
90-10-67,آيسان آوين1404,,,,
91-10-67,سايدا مرادزاده1404,,,,
92-10-67,نازگل انصاري1404,,,,
93-10-67,برديا رسول زاده1404,,,,
94-10-67,زينب صفدريان1404,,,,
95-10-67,فروز يوسفي1404,,,,
96-10-67,فائزه محمديان1404,,,,
97-10-67,مليکارضائي1404,,,,
98-10-67,پرنيا محموديان1404,,,,
99-10-67,آسنا صفا بخش1404,,,,
100-10-67,ريحانه انصاري1404,,,,
101-10-67,دنيز بهره دوست1404,,,,
102-10-67,امير سام کارآور1404,,,,
103-10-67,اليسا عشقي1404,,,,
104-10-67,هديه زهرا کاوسي1404,,,,
105-10-67,زينب سادات موسوي1404,,,,
106-10-67,آوينا محسني1404,,,,
107-10-67,آيلين ناديان1404,,,,
109-10-67,صبا شاملي1404,,,,
110-10-67,حسنا ژوليده1404,,,,
111-10-67,يکتا بکي1404,,,,
112-10-67,سلين قرخلونره1404,,,,
113-10-67,ماهورا شيرازي1404,,,,
114-10-67,آتنا رزي1404,,,,
115-10-67,زهرا سهرابي1404,,,,
116-10-67,روشا انصاري1404,,,,
117-10-67,سيد محمد ياسين ميري1404,,,,
118-10-67,ماهان هاشمي1404(غلامرضا),,,,
119-10-67,پويان بکيان1404,,,,
120-10-67,پوريا بکيان1404,,,,
121-10-67,امير محمد رحيمي1404,,,,
122-10-67,محمد مهدي حاجتمند1404,,,,
123-10-67,محمد طاها آقاسي1404,,,,
124-10-67,سيدحسين موسوي1404,,,,
125-10-67,محمد ارمان ذوالفقاري1404,,,,
126-10-67,سيدامير محمد تقوي1404,,,,
127-10-67,اميرحسين آقاپور1404,,,,
128-10-67,کيهان غلامي1404,,,,
129-10-67,هاکان استواري1404,,,,
130-10-67,محمد بهداد1404,,,,
131-10-67,امير عباس مهديزاده1404,,,,
132-10-67,امير عباس جاوري1404,,,,
133-10-67,آرشام رضائي1404,,,,
134-10-67,محمد صدرا برمک1404,,,,
135-10-67,آريا انصاريپور1404,,,,
136-10-67,محمد حسين دهقان1404,,,,
137-10-67,محمد عرفان محبي پور1404,,,,
138-10-67,علي عباس اسلامي1404,,,,
139-10-67,آراز نجفي1404,,,,
140-10-67,مهراد بلاري1404,,,,
141-10-67,محمد حسين زارع شهرضائي1404,,,,
142-10-67,محمدپارسا منصف1404,,,,
143-10-67,اميرعلي قرقاني1404,,,,
144-10-67,همايون گرامي1404,,,,
145-10-67,سينا صادقي1404,,,,
146-10-67,سيد محمد جواد موسوي نسب1404,,,,
147-10-67,محمد آروين احمدي1404,,,,
148-10-67,محمدحسين اباذري1404,,,,
149-10-67,عليرضا رحيمي1404,,,,
150-10-67,سبحان معظمي1404,,,,
151-10-67,دانيال نصيري1404,,,,
152-10-67,آريا صفدريان1404,,,,
153-10-67,عرفان شهابي فرد1404,,,,
154-10-67,محمد حسين باقرپور1404,,,,
155-10-67,سبحان شهابي فرد1404,,,,
156-10-67,محمد امين داتلي بيگي1404,,,,
157-10-67,محمد مبين حاتمي1404,,,,
158-10-67,محمد حسين مرداني1404,,,,
159-10-67,علي رحمتي1404,,,,
160-10-67,پارسا صيادي1404,,,,
161-10-67,اميرعلي خالقي1404,,,,
162-10-67,محمد طاها کريميان1404,,,,
163-10-67,ايليا رسول زاده1404,,,,
164-10-67,شاهان باباربيع1404,,,,
165-10-67,آرشين محقق نيا1404,,,,
166-10-67,اميرسام کاوياني قصرچمي1404,,,,
167-10-67,محمدحسين حمزوي1404,,,,
168-10-67,محمدپارسا عابدي1404,,,,
169-10-67,سيد محمد مهدي اهلي1404,,,,
170-10-67,دانيال آسال1404,,,,
171-10-67,مهداد روشني1404,,,,
172-10-67,اميرعلي زماني1404,,,,
173-10-67,آدرين صبوري1404,,,,
174-10-67,اميرعلي شادمهر1404,,,,
175-10-67,اميرحسين خشنود1404,,,,
176-10-67,مهزيار اباذري1404,,,,
177-10-67,اميرعلي حيدرپور1404,,,,
178-10-67,آرسام طائي سميرمي1404,,,,
179-10-67,سيدپرهام فاطمي1404,,,,
180-10-67,سيد محمد علوي زاده1404,,,,
181-10-67,آريا سودائي1404,,,,
182-10-67,امير محمد خليل پور1404,,,,
183-10-67,سيد محمد امين موسوي1404,,,,
184-10-67,امير مهدي تيموريان1404,,,,
185-10-67,مهرسام دهقان1404,,,,
186-10-67,ميکائيل ناظم1404,,,,
187-10-67,محمد طاها کرمي زاده1404,,,,
188-10-67,علي اصغر صادقي1404,,,,
189-10-67,امير علي دهقانزاد1404,,,,
190-10-67,امير محمد دوالي1404,,,,
191-10-67,کيان دهقاني1404,,,,
192-10-67,عليرضا قاسمي1404,,,,
193-10-67,سيد نيکان ذکائي وشاره1404,,,,
194-10-67,مهديار هونجاني1404,,,,
195-10-67,ميکائيل حيدريان1404,,,,
196-10-67,ابوالفضل ترابي1404,,,,
197-10-67,سيد اميرحسين کسائي1404,,,,
198-10-67,پدرام رئسيان1404,,,,
199-10-67,نازنين زينب ماهر1404,,,,
200-10-67,رقيه زهرا قهرماني1404,,,,
201-10-67,مرسانا وليخاني1404,,,,
202-10-67,ويانا محبي پور1404,,,,
203-10-67,آنيسا محمودي1404,,,,
204-10-67,کوثرسادات طبيبيان1404,,,,
205-10-67,ارغوان بهدادفر1404,,,,
206-10-67,دلسا محمدخاني امين آبادي1404,,,,
207-10-67,آيدا خاني1404,,,,
208-10-67,ريحانه سادات گلزاري1404,,,,
209-10-67,علي يزداني1404,,,,
210-10-67,سيد محمد موسوي1404,,,,
211-10-67,اميرمهدي قهرماني1404,,,,
212-10-67,محمد متين شمسايي1404,,,,
213-10-67,محمدطاها حق پرست1404,,,,
214-10-67,ماهان عسگري1404,,,,
215-10-67,حنانه کاظميني1404,,,,
216-10-67,نجمه سادات طبيبيان1404,,,,
217-10-67,بهار بخشيان1404,,,,
218-10-67,فاطمه حلما ايماني فر1404,,,,
219-10-67,حلما خالدي1404,,,,
220-10-67,فاطمه زهرا شفيعي1404,,,,
221-10-67,سلنا شريفي1404,,,,
222-10-67,فواد ذوالفقاري1404,,,,
223-10-67,ياسمين اکبرخواه1404,,,,
224-10-67,نويان صادقي1404,,,,
225-10-67,آيناز صالحي 1404,,,,
1967-01-11 00:00:00,محمد طاها سعيدي دهکي(1402),,,,
1967-02-11 00:00:00,مهدي باريکزهي1403,,,,
1967-03-11 00:00:00,سيده زينب رسين1403,,,,
1967-04-11 00:00:00,ريحانه باباربيع1403,,,,
1967-05-11 00:00:00,نور محمد شريفي1403,,,,
1967-06-11 00:00:00,محمدحسين شاهچراغي1403,,,,
1967-07-11 00:00:00,آيگين احمدي1403,,,,
1967-08-11 00:00:00,پويان صبوري1403,,,,
1967-09-11 00:00:00,دلارا عزيزي1403,,,,
1967-10-11 00:00:00,رقيه صدري1403,,,,
1967-11-11 00:00:00,مارال محمدي1403,,,,
1967-12-11 00:00:00,نفس محمدرضايي1403,,,,
13-11-67,نرگس رستمي1403,,,,
14-11-67,جانان عليزاد1403,,,,
15-11-67,يکتا حميديان1403,,,,
16-11-67,پارميدا بختيار1403,,,,
17-11-67,ميکائيل يوسفي فر1403,,,,
18-11-67,فاطمه هوشمندي1403,,,,
19-11-67,مرسانا قرقاني1403,,,,
20-11-67,آريانا منجي1403,,,,
21-11-67,محمدحسين حاج گداعلي1403,,,,
22-11-67,شهسان جاوري1403,,,,
23-11-67,سيد آريا اميري1403,,,,
24-11-67,اميرعباس نادريان1403,,,,
25-11-67,محمدحسين شايان1403,,,,
26-11-67,حلما اميري(عبدالرضا)1403,,,,
27-11-67,سوناي زيبائي1403,,,,
28-11-67,مهرسا رئيسي مرتضي پور1403,,,,
29-11-67,حلما صيادي1403,,,,
30-11-67,محمد علي کرماني1403,,,,
31-11-67,تينا صفري1403,,,,
32-11-67,زينب صدري1403,,,,
33-11-67,نيکا بهشتيان1403,,,,
34-11-67,نفس انصاري1403,,,,
35-11-67,فاطمه علي عسگري1403,,,,
36-11-67,مهديسا مختاري1403,,,,
37-11-67,آيسان رضايي1403,,,,
38-11-67,محمد حسين صالحپور1403,,,,
39-11-67,محمد طاها نبيري1403,,,,
40-11-67,آرين چوقادي1403,,,,
41-11-67,حسنا مغانلو(رحيمي زاده)1403,,,,
42-11-67,ساميار سالک1403,,,,
43-11-67,محمد رحيمي1403,,,,
44-11-67,مهرسام اسحاقي1403,,,,
45-11-67,محمد طاها حيدري1403,,,,
46-11-67,آتکين فرهمند1403,,,,
47-11-67,امير حسين قرقاني1403,,,,
48-11-67,محمدرضا دهقاني1403,,,,
49-11-67,ماکان رئيسي ده کهنه1403,,,,
50-11-67,کيان رضايي درزي1403,,,,
51-11-67,کيهان رضايي درزي1403,,,,
52-11-67,اميرعلي هاشمي زاده1403,,,,
53-11-67,فربد نادري1403,,,,
54-11-67,محمدرضا رئيسيان1403,,,,
55-11-67,آيهان قبادپور1403,,,,
56-11-67,عرشيا جابري زاده1403,,,,
57-11-67,اميرعلي مرادزاده1403,,,,
58-11-67,محمدسبحان شمسي1403,,,,
59-11-67,محمدحسين مولاپور1403,,,,
60-11-67,ابوالفضل عشقي1403,,,,
61-11-67,کيارش صادق پور1403,,,,
62-11-67,محمد ياسين خشنود1404,,,,
63-11-67,محمد امين صالحپور1404,,,,
64-11-67,حلما نجفي1404,,,,
65-11-67,اميرحسين نجفي1404,,,,
66-11-67,ماهان صدري1404,,,,
67-11-67,زهرا بحرالعلوم1404,,,,
68-11-67,هانيه احساني1404,,,,
69-11-67,سامي حبادي1404,,,,
70-11-67,محمد آراد يزدان پرست1404,,,,
71-11-67,آوا کميلي پور1404,,,,
72-11-67,اميرمحمد صدري1404,,,,
73-11-67,مرسانا منصف1404,,,,
74-11-67,محمدامين زارع بواني1404,,,,
75-11-67,عليرضا باقري1404,,,,
76-11-67,فاطمه کوثر احمديان1404,,,,
77-11-67,عرفان فرهمنديان1404,,,,
78-11-67,نيما جابر1404,,,,
79-11-67,اميرسام قرمزي نژاد1404,,,,
80-11-67,رايان سي سخت پور1404,,,,
81-11-67,آيهان طبيبيان1404,,,,
82-11-67,حسين قرقاني1404,,,,
83-11-67,ماهان هاشمي1404(علي),,,,
84-11-67,امير محمد کريمي فر1404,,,,
85-11-67,امير مسعود بکياني1404,,,,
86-11-67,علي اباذري1404,,,,
87-11-67,محمدياسين مرآتي1404,,,,
88-11-67,سيد معين دلنوازيان1404,,,,
89-11-67,محمد ياسين بهرامي1404,,,,
90-11-67,محمد آريا ارباب زاده1404,,,,
91-11-67,محمد امين قانع1404,,,,
92-11-67,حسين شاملو1404,,,,
93-11-67,برديا افراسيابي1404,,,,
94-11-67,محمدرضا پارد1404,,,,
95-11-67,سيد آرمان محمودي صدر1404,,,,
96-11-67,اميرطاها عموهادي1404,,,,
97-11-67,آوا بهرامي1404,,,,
98-11-67,عليرضا سالک پور1404,,,,
99-11-67,محمدرضا سالک پور1404,,,,
100-11-67,ايليا سعيدي1404,,,,
101-11-67,سيد مهبد بطحايي1404,,,,
102-11-67,زينب اسماعيلي1404,,,,
103-11-67,محدثه ربيعي1404,,,,
104-11-67,سيده فاطمه موسوي1404,,,,
105-11-67,ريحانه سادات عمراني1404,,,,
106-11-67,اميرعلي وحيدي دستجردي1404,,,,
107-11-67,مهديس نوروزي1404,,,,
108-11-67,اسراء اميري1404,,,,
109-11-67,مطهره بقائي1404,,,,
110-11-67,فاطمه بهار اديب نيا1404,,,,
111-11-67,فاطمه رستا اقاسي1404,,,,
112-11-67,آوا انصاري1404,,,,
113-11-67,هانا غضنفري1404,,,,
114-11-67,طاها کاجي1404,,,,
115-11-67,ترنم آزادي1404,,,,
116-11-67,يسنا رضائي1404,,,,
117-11-67,آوينا آقاسي1404,,,,
118-11-67,زهرا ابراهيمي راد1404,,,,
119-11-67,امير ارسلان دهقاني1404,,,,
120-11-67,رادين محمودي1404,,,,
121-11-67,محمدامين سالک پور1404,,,,
122-11-67,سيد محمد موسوي1404سيد اباذر,,,,
123-11-67,الهه پارسايي1404,,,,
124-11-67,مرسام بيات1404,,,,
125-11-67,آريا نريماني1404,,,,
126-11-67,آريا زندي1404,,,,
1967-01-12 00:00:00,سيده آوا موسوي(1402),,,,
1967-02-12 00:00:00,نگار دهقان(1402),,,,
1967-03-12 00:00:00,محمد هادي ماهر(1402),,,,
1967-04-12 00:00:00,پويا رحمتي(1402),,,,
1967-05-12 00:00:00,حنانه زماني1403,,,,
1967-06-12 00:00:00,محمد ياسين محمديان1403,,,,
1967-07-12 00:00:00,محمد طاها اميري1403,,,,
1967-08-12 00:00:00,محمدرضا ممتاز1403,,,,
1967-09-12 00:00:00,محمدحسين نيک پور1404,,,,
1967-10-12 00:00:00,اميرعباس شفي1404,,,,
1967-11-12 00:00:00,رايان بهراميان1404,,,,
1967-12-12 00:00:00,کيارش جاوري1404,,,,
13-12-67,اميرارسلان ميرزاخاني1404,,,,
14-12-67,طنين اکبري1404,,,,
15-12-67,محسن پيمان1404,,,,
16-12-67,محمد دهقاني1404,,,,
17-12-67,ابالفضل فعال1404,,,,
18-12-67,محمدپارسا رضائي1404,,,,
19-12-67,ياسين کاويانپور1404,,,,
20-12-67,دايان رئيسي1404,,,,
21-12-67,محمد علي غريبي1404,,,,
22-12-67,محمد طاها ذوالفقاري1404,,,,
23-12-67,فاطمه زهرا بهرامي1404,,,,
24-12-67,مانيا نصيري1404,,,,
25-12-67,دلوين سلطاني1404,,,,
26-12-67,روشنک خير1404,,,,
27-12-67,فاطمه حسنا جلاليان1404,,,,
28-12-67,فاطمه سادات حجازي1404,,,,
29-12-67,فائزه آقائي1404,,,,
30-12-67,حلما سادات رضوي زاده1404,,,,
31-12-67,زينب رهائي1404,,,,
32-12-67,هستي يونسي1404,,,,
33-12-67,هلينا قرمزي1404,,,,
34-12-67,سيد پرهام ميرهادي1404,,,,
35-12-67,علي کافي1404,,,,
36-12-67,محمدياسين محموديان1404,,,,
37-12-67,سبحان شاهپيري1404,,,,
38-12-67,خديجه سادات مدينه1404,,,,
39-12-67,سيد امير رضا طبائيان1404,,,,
40-12-67,اميرحسين تن ساز1404,,,,
41-12-67,پارسا عابدي1404,,,,
42-12-67,امير محمد احمدي1404,,,,
43-12-67,عاليه محمدي1404,,,,
1967-01-13 00:00:00,سيد امير محمد بحريني1404,,,,
1967-02-13 00:00:00,کارن پويان مهر1404,,,,
1967-03-13 00:00:00,اميرعلي رضائي1404,,,,
1967-04-13 00:00:00,علي اکبر عليان1404,,,,
1967-05-13 00:00:00,اميررضا قرقاني1404,,,,
1967-06-13 00:00:00,اميرعلي گرگين حقيقت1404,,,,
1967-07-13 00:00:00,سيد آريا موسوي1404,,,,
1967-08-13 00:00:00,اميد رضا نره اي1404,,,,
1967-09-13 00:00:00,زهرا حاجي جاني1404,,,,
1967-01-14 00:00:00,بنيامين خانبازي(1402),,,,
1967-02-14 00:00:00,سيد حسين عمادي(1402),,,,
1967-03-14 00:00:00,سيد ابوالفضل عمادي(1402),,,,
1967-04-14 00:00:00,يسنا اسلامي1403,,,,
1967-05-14 00:00:00,مهرسام تقي زاده1403,,,,
1967-06-14 00:00:00,امير ارسلان پورعنقا1403,,,,
1967-07-14 00:00:00,ملينا عليمرداني1403,,,,
1967-08-14 00:00:00,بنيامين ربيعي1403,,,,
1967-09-14 00:00:00,سوگند نبوي1403,,,,
1967-10-14 00:00:00,مهديس اباذري شهرضا1403,,,,
1967-11-14 00:00:00,زينب عباسي1403,,,,
1967-12-14 00:00:00,عليرضا عطري1403,,,,
13-14-67,سام طاهري1403,,,,
14-14-67,ساميار طاهري1403,,,,
15-14-67,اميرارسلان کاجي1404,,,,
16-14-67,شايان بابا احمدي1404,,,,
17-14-67,پناه رستمي1404,,,,
18-14-67,آرشام اسدي1404,,,,
19-14-67,ترنم سادات موسوي1404,,,,
20-14-67,سيدآراد موسوي1404,,,,
21-14-67,آينازکريمي1404,,,,
22-14-67,نوشين نره اي1404,,,,
23-14-67,پويان محمدي1404,,,,
24-14-67,اباالفضل حيدريان1404,,,,
25-14-67,محمدامين ندري1404,,,,
26-14-67,زينب اميري1404,,,,
27-14-67,محنا فضل الهي1404,,,,
28-14-67,نيلا رز قرقاني1404,,,,
29-14-67,حلما بلالي1404,,,,
30-14-67,اسما احساني قمشلو1404,,,,
31-14-67,فاطمه اسرا کاويانپور1404,,,,
32-14-67,مينا حاجي دولو1404,,,,
33-14-67,مبينا سادات اسحاقي همگيني1404,,,,
34-14-67,آراد جاويدي1404,,,,
35-14-67,نورا دشتيان نژاد1404,,,,
36-14-67,تمنا نره اي1404,,,,
37-14-67,ماکان بهزادي فر1404,,,,
38-14-67,دل آرام قاسمي1404,,,,
39-14-67,اسما بهرام زاده1404,,,,
40-14-67,نيلا باغستاني1404,,,,
41-14-67,جانان زنگنه1404,,,,
42-14-67,فاطمه زهرا دهقان1404,,,,
43-14-67,آوا زنگنه1404,,,,
44-14-67,مهديه محمدي1404,,,,
45-14-67,محمدصالح حمزوي1404,,,,
46-14-67,آرسين موسوي1404,,,,
47-14-67,مارال فاضلي منش1404,,,,
48-14-67,مليکا عطائي1404,,,,
49-14-67,هلما رضائي رحيمي1404,,,,
50-14-67,همتا قرخلويي1404,,,,
51-14-67,ايليا ترکان1404,,,,
52-14-67,زهرا حمزه1404,,,,
53-14-67,همتا رستمي1404,,,,
54-14-67,نيکا جاوري شهرضا1404,,,,
55-14-67,ماهور عاشوري1404,,,,
56-14-67,نازنين زينب خليلي1404,,,,
57-14-67,مهرسانا اسماعيلي1404,,,,
58-14-67,يارا سلوکي1404,,,,
59-14-67,آدرينا آقايي.1404,,,,
60-14-67,سيده درسا موسوي1404,,,,
61-14-67,مهرسا شبانيان1404,,,,
62-14-67,ساميار بيغم1404,,,,
63-14-67,محمدميثاق قرباني1404,,,,
64-14-67,سيد امير حسين موسوي1404,,,,
65-14-67,ويهان حيدري1404,,,,
66-14-67,بنيامين دشتيان نژاد1404,,,,
67-14-67,مازيار بادپيما1404,,,,
68-14-67,عليرضا زينلي1404,,,,
69-14-67,ايل آيدا تنيده1404,,,,
70-14-67,بيتا انصاري1404,,,,
71-14-67,السانا ندري1404,,,,
72-14-67,اميد محمدي جانبازلو1404,,,,
73-14-67,اميرعلي صهبائي1404,,,,
74-14-67,ابوالفضل افشاري1404,,,,
75-14-67,نويد يوسفي1404,,,,
76-14-67,رضا خليلي1404,,,,
77-14-67,محمد متين پورحسين1404,,,,
78-14-67,ايليا جاوري1404,,,,
79-14-67,هامين غلامرضائي1404,,,,
80-14-67,اميرمحمدهاشمي1404,,,,
81-14-67,کسراظهرابي1404,,,,
82-14-67,صدرا سرافراز1404,,,,
83-14-67,اهورا حمزوي1404,,,,
84-14-67,اميررضا حسني1404,,,,
85-14-67,اميرمهدي بختياري1404,,,,
86-14-67,ياشار حاصلي1404,,,,
87-14-67,آيهان قرخلو1404,,,,
88-14-67,آيکان عربلو1404,,,,
89-14-67,سيد مهراد موسوي1404,,,,
90-14-67,محمد فواد مداخل1404,,,,
91-14-67,باران ذهبي نژاد1404,,,,
92-14-67,آروين کاميابي1404,,,,
93-14-67,رادوين بيدکي1404,,,,
94-14-67,محمد نويد رضائي1404,,,,
95-14-67,کيان مهر محمدزاده1404,,,,
96-14-67,ماهان قاسمي1404,,,,
97-14-67,محمدصدرا بهار1404,,,,
98-14-67,نيکان گلشيري1404,,,,
99-14-67,ماهان ايزدي1404,,,,
100-14-67,ريحانه ابراهيمي1404,,,,
101-14-67,محمدطاها اسماعيلي پور1404,,,,
102-14-67,حلما ياري1404,,,,
103-14-67,محمدامين قره قاني1404,,,,
104-14-67,باران قاسميان1404,,,,
105-14-67,يسنا رحماني1404,,,,
106-14-67,اميرمهدي صفابخش1404,,,,
107-14-67,نفس سادات تقوي1404,,,,
108-14-67,ابوالفضل ظريف نيا1404,,,,
109-14-67,محمد شايان رحيمي1404,,,,
110-14-67,آيهان نصيري1404,,,,
111-14-67,بهراد سهرابي1404,,,,
112-14-67,امير مهدي رحيمي1404,,,,
113-14-67,فاطمه پورزهيري1404,,,,
114-14-67,رزا ميرزائي1404,,,,
115-14-67,النا طغرلي1404,,,,
116-14-67,پارسا يوسفي1404,,,,
117-14-67,طه علوي نژاد1404,,,,
118-14-67,آوا سادات مير بستگان,,,,
119-14-67,محمدامين قرقاني1404,,,,
1968-01-01 00:00:00,هزينه حقوق محمدرضا آقاسي,,,,
1968-02-01 00:00:00,هزينه حقوق عليرضا نصرت,,,,
1968-03-01 00:00:00,هزينه حقوق مسعود خورشيدسوار,,,,
1968-04-01 00:00:00,هزينه حقوق صادق صانعي,,,,
1968-05-01 00:00:00,هزينه حقوق اکرم عسکري,,,,
1968-06-01 00:00:00,هزينه حقوق محسن صالح پور,,,,
1968-08-01 00:00:00,هزينه حقوق محمد گرامي,,,,
1968-10-01 00:00:00,هزينه حقوق ام البنين صدري,,,,
1968-11-01 00:00:00,هزينه حقوق مرضيه ماهري,,,,
13-1-68,هزينه حقوق شهره نادري,,,,
14-1-68,هزينه حقوق مرضيه کفاش,,,,
15-1-68,هزينه حقوق وجيهه آقاسي,,,,
16-1-68,هزينه حقوق طيبه حيدري,,,,
17-1-68,هزينه حقوق فاطمه قديمي,,,,
18-1-68,هزينه حقوق هما طاهري,,,,
19-1-68,هزينه حقوق مريم دهقان,,,,
20-1-68,هزينه حقوق فريده نوذري,,,,
21-1-68,هزينه حقوق سيده زهرا طبيبيان,,,,
22-1-68,هزينه حقوق عباس قاسمي,,,,
23-1-68,هزينه حقوق وجيهه دهقان,,,,
0-2-68,هزينه هاي متفرقه نور 1,,,,
0-3-68,هزينه تخفيفات نور 1,,,,
0-4-68,هزينه پذيرايي نور1,,,,
0-5-68,هزينه حمل نور1,,,,
0-6-68,هزينه تلفن نور1,,,,
0-7-68,هزينه اينترنت نور1,,,,
0-8-68,هزينه بيمه دانش آموزي نور1,,,,
0-9-68,هزينه تولد معلمان نور1,,,,
0-10-68,هزينه عيدي نور1,,,,
0-11-68,هزينه مطالبات سوخت شده نور1,,,,
1969-01-01 00:00:00,هزينه حقوق محمد عربي,,,,
1969-02-01 00:00:00,هزينه حقوق حميدرضا دهقانزاد,,,,
1969-03-01 00:00:00,هزينه حقوق سيد محمد حسن ميرنيام,,,,
1969-04-01 00:00:00,هزينه حقوق بهنام صفري,,,,
1969-05-01 00:00:00,هزينه حقوق مسيح اله شادمان,,,,
1969-06-01 00:00:00,هزينه حقوق سيد مرتضي اسدي نور 2,,,,
1969-07-01 00:00:00,هزينه حقوق عليرضا مروت,,,,
1969-08-01 00:00:00,هزينه حقوق مهدي کاظمي,,,,
1969-09-01 00:00:00,هزينه حقوق احمد ربيعي,,,,
1969-10-01 00:00:00,هزينه حقوق محمدحسين طاهري,,,,
1969-11-01 00:00:00,هزينه حقوق ذبيح اله کرمانپور نور 2,,,,
1969-12-01 00:00:00,هزينه حقوق ولي اله جليلي,,,,
13-1-69,هزينه حقوق کيوان زمانضاد,,,,
14-1-69,هزينه حقوق علي رهايي,,,,
15-1-69,هزينه حقوق عباس ابراهيمي,,,,
16-1-69,هزينه حقوق سيد محمد طباطبائي,,,,
17-1-69,هزينه حقوق محسن محمدي,,,,
18-1-69,هزينه حقوق محمدرضا دهقان,,,,
19-1-69,هزينه حقوق حميد پارسائي,,,,
20-1-69,هزينه حقوق غلامعلي ذوالفقاري,,,,
21-1-69,هزينه حقوق عباس عموهادي,,,,
22-1-69,هزينه حقوق محمد قديري,,,,
23-1-69,هزينه حقوق ميثم سالک,,,,
0-2-69,هزينه هاي متفرقه نور 2,,,,
0-3-69,هزينه تخفيفات نور 2,,,,
0-4-69,هزينه پذيرايي نور2,,,,
0-5-69,هزينه حمل نور2,,,,
0-6-69,هزينه تلفن نور2,,,,
0-7-69,هزينه اينترنت نور2,,,,
0-8-69,هزينه بيمه دانش آموزي نور2,,,,
0-9-69,هزينه تولد معلمان نور2,,,,
0-10-69,هزينه عيدي نور2,,,,
0-11-69,هزينه مطالبات سوخت شده نور2,,,,
0-12-69,هزينه هديه روز معلم,,,,
1970-01-01 00:00:00,هزينه حقوق منيره دهقان,,,,
1970-02-01 00:00:00,هزينه حقوق فاطمه آقاسي,,,,
1970-03-01 00:00:00,هزينه حقوق ليلا آزاد,,,,
1970-05-01 00:00:00,هزينه حقوق مينا اسدي,,,,
1970-06-01 00:00:00,هزينه حقوق زهرا سبزواري,,,,
1970-07-01 00:00:00,هزينه حقوق مريم برزوک,,,,
1970-08-01 00:00:00,هزينه حقوق زهره کاشي,,,,
1970-11-01 00:00:00,هزينه حقوق الهه نباتي تبيان 1,,,,
14-1-70,هزينه حقوق تکتم انصاري پور,,,,
15-1-70,هزينه حقوق راضيه پرمود,,,,
16-1-70,هزينه حقوق زينب سادات گلزاري,,,,
17-1-70,هزينه حقوق آرزو ميرزائي,,,,
18-1-70,هزينه حقوق مرضيه عزيزي,,,,
19-1-70,هزينه حقوق فائزه کاظميني,,,,
20-1-70,هزينه حقوق مرضيه انصاري,,,,
21-1-70,هزينه حقوق پروين مهدي پور,,,,
0-2-70,هزينه هاي متفرقه تبيان 1,,,,
0-3-70,هزينه تخفيفات تبيان 1,,,,
0-4-70,هزينه پذيرايي تبيان1,,,,
0-5-70,هزينه حمل تبيان1,,,,
0-6-70,بابت هزينه تلفن تبيان1,,,,
0-7-70,هزينه اينترنت تبيان1,,,,
0-8-70,هزينه بيمه دانش آموزان تبيان 1,,,,
0-9-70,هزينه تولد معلمان تبيان1,,,,
0-10-70,هزينه عيدي تبيان1,,,,
0-11-70,هزينه مطالبات سوخت شده تبيان1,,,,
1971-01-01 00:00:00,هزينه حقوق مريم يحيي آبادي,,,,
1971-03-01 00:00:00,هزينه حقوق ريحانه باقي,,,,
1971-04-01 00:00:00,هزينه حقوق عظمت آقاخاني,,,,
1971-06-01 00:00:00,هزينه حقوق نسرين السادات اسدي تبيان 2,,,,
1971-07-01 00:00:00,هزينه حقوق الهه نباتي تبيان 2,,,,
1971-08-01 00:00:00,هزينه حقوق منصوره ماهري,,,,
1971-09-01 00:00:00,هزينه حقوق فرزانه مصدقيان,,,,
1971-10-01 00:00:00,هزينه حقوق آزاده صفيان,,,,
1971-12-01 00:00:00,هزينه حقوق الهام رضا شهرضا,,,,
13-1-71,هزينه حقوق يداله پيمان,,,,
14-1-71,هزينه حقوق اعظم آزاد,,,,
15-1-71,هزينه حقوق افتخار سقيمي,,,,
16-1-71,هزينه حقوق مهديه عظيمي,,,,
17-1-71,هزينه حقوق فريبا سبزواري,,,,
18-1-71,هزينه حقوق زهرا ابراهيم زاده,,,,
19-1-71,هزينه حقوق طاهره رهايي,,,,
20-1-71,هزينه حقوق سيده سحر قائم مقامي,,,,
21-1-71,هزينه حقوق پروانه مولايي,,,,
22-1-71,هزينه حقوق شبنم حسين پور,,,,
23-1-71,هزينه حقوق سيده کبري موسوي,,,,
0-2-71,هزينه هاي متفرقه تبيان 2,,,,
0-3-71,هزينه تخفيفات تبيان 2,,,,
0-4-71,هزينه پذيرايي تبيان2,,,,
0-5-71,هزينه حمل تبيان2,,,,
0-6-71,هزينه تلفن تبيان2 ومهدالرضا کوچه برهان,,,,
0-7-71,هزينه اينترنت تبيان2,,,,
0-8-71,هزينه بيمه دانش آموزي تبيان2,,,,
0-9-71,هزينه تولد معلمان تبيان2,,,,
0-10-71,هزينه عيدي تبيان2,,,,
0-11-71,هزينه مطالبات سوخت شده تبيان2,,,,
0-1-73,هزينه تخفيفات پيش دبستاني مدرسه القران نوبت صبح,,,,
0-2-73,هزينه متفرقه مهدالرضا نوبت صبح مدرسه القران,,,,
0-3-73,هزينه تلفن پيش صبح  وعصر مدرسه,,,,
0-1-74,هزينه تخفيفات پيش دبستاني منظريه,,,,
0-2-74,هزينه تلفن دفتر مهدالرضا منظريه,,,,
0-1-75,هزينه تخفيفات پيش دبستاني عصر مدرسه القران,,,,
0-1-76,هزينه تخفيفات پيش دبستاني ابراهيم خليل,,,,
0-3-76,هزينه تلفن ابراهيم خليل,,,,
0-1-77,هزينه تخفيفات پيش دبستاني کوچه برهان,,,,
0-1-78,هزينه تخفيفات پيش دبستاني سروستان,,,,
0-3-78,هزينه تلفن پيش سروستان,,,,
0-4-78,هزينه هاي متفرقه سروستان,,,,
0-1-79,هزينه هاي متفرقه مدرسه القران,,,,
1979-01-02 00:00:00,هزينه حقوق  بهاره همائي,,,,
1979-02-02 00:00:00,هزينه حقوق نبي اله سبزه علي,,,,
1979-03-02 00:00:00,هزينه حقوق علي هاشميان,,,,
1979-04-02 00:00:00,هزينه حقوق ذبيح اله کرمان پور,,,,
1979-05-02 00:00:00,هزينه حقوق سيد محمدرضا گلزاري,,,,
1979-06-02 00:00:00,هزينه حقوق زهراالسادات گلزاري,,,,
1979-07-02 00:00:00,هزينه حقوق سيد مسعود کهنگي,,,,
1979-08-02 00:00:00,هزينه حقوق عبدالعلي بواني,,,,
1979-09-02 00:00:00,هزينه حقوق سيدمحمدمهدي گلزاري,,,,
0-3-79,هزينه تلفن مدرسه قران,,,,
0-4-79,هزينه بيمه مدرسه القران,,,,
0-5-79,هزينه تولد پرسنل مدرسه,,,,
0-6-79,هزينه عيدي پرسنل مجموعه,,,,
0-1-80,هزينه هاي عمراني مدرسه القران,,,,
1981-01-01 00:00:00,هزينه حقوق ناهيد احمدي,,,,
1981-02-01 00:00:00,هزينه حقوق زهرا اديب,,,,
1981-03-01 00:00:00,هزينه حقوق محبوبه حداد,,,,
1981-04-01 00:00:00,هزينه حقوق جنت دهقان,,,,
1981-05-01 00:00:00,هزينه حقوق زهره دهقانپور,,,,
1981-06-01 00:00:00,هزينه حقوق سليمه تيموري,,,,
1981-07-01 00:00:00,هزينه حقوق زهرا ستاري,,,,
1981-08-01 00:00:00,هزينه حقوق مريم سروري,,,,
1981-09-01 00:00:00,هزينه حقوق ليلا سروي,,,,
1981-10-01 00:00:00,هزينه حقوق مژگان شاملي,,,,
1981-11-01 00:00:00,هزينه حقوق اعظم شاملي,,,,
1981-12-01 00:00:00,هزينه حقوق شيرين صاحبان,,,,
13-1-81,هزينه حقوق فاطمه صفائي,,,,
14-1-81,هزينه حقوق آرزو طالبپور,,,,
15-1-81,هزينه حقوق زهراالسادات طبائيان,,,,
16-1-81,هزينه حقوق فريده السادات طبائيان,,,,
17-1-81,هزينه حقوق اکرم عابدي,,,,
18-1-81,هزينه حقوق الهه عابدي,,,,
19-1-81,هزينه حقوق خديجه عمرانپور,,,,
20-1-81,هزينه حقوق زهراالسادات قرشي,,,,
21-1-81,هزينه حقوق سيده مرضيه قريشي,,,,
22-1-81,هزينه حقوق طاهره سادات قريشي,,,,
23-1-81,هزينه حقوق حکيمه کريمي,,,,
25-1-81,هزينه حقوق فاطمه گلزار,,,,
26-1-81,هزينه حقوق ليلا ماهري,,,,
27-1-81,هزينه حقوق وجيهه ماهري,,,,
28-1-81,هزينه حقوق فريبا محمد رضائي,,,,
29-1-81,هزينه حقوق سميه مرادزاده,,,,
30-1-81,هزينه حقوق الهام مطلوبي.,,,,
31-1-81,هزينه حقوق منصوره مقصودي,,,,
32-1-81,هزينه حقوق زهره نصيري,,,,
33-1-81,هزينه حقوق زينب نيکپور,,,,
34-1-81,هزينه حقوق معصومه هاشمي,,,,
35-1-81,هزينه حقوق زهراگلزار,,,,
36-1-81,هزينه حقوق خديجه صدري,,,,
39-1-81,هزينه حقوق زهرا دهقاني بواني,,,,
40-1-81,هزينه حقوق اميد علي عبدالي,,,,
41-1-81,هزينه حقوق مانا عالي پور,,,,
42-1-81,هزينه حقوق نرجس السادات مدينه,,,,
43-1-81,هزينه حقوق خانم رحيمي سرايدار منظريه,,,,
44-1-81,هزينه حقوق فاطمه يوسفي,,,,
45-1-81,هزينه حقوق مهناز آقاخاني,,,,
46-1-81,هزينه حقوق نرگس ابراهيم پور,,,,
47-1-81,هزينه حقوق غلامحسين عابدي,,,,
48-1-81,هزينه حقوق ام البنين صدري(مهدالرضا),,,,
0-2-81,هزينه هاي متفرقه مهدالرضا,,,,
0-3-81,هزينه بيمه مربيان مهدالرضا,,,,
0-4-81,هزينه تلفن دفتر مسئول مهدالرضا,,,,
0-5-81,هزينه پذيرايي مهد الرضا,,,,
0-6-81,هزينه حمل مهد الرضا,,,,
0-7-81,هزينه تولد مربيان مهد,,,,
0-8-81,هزينه عيدي مربيان مهد,,,,
0-9-81,هزينه مطالبات سوخت شده مهدالرضا,,,,
0-10-81,هزينه بيمه نوگلان پيش دبستاني کل شعبات,,,,
0-1-83,هزينه اجاره و کرايه مدرسه القران,,,,
0-1-84,خيرين  آقاي دکتر مصنع,,,,
0-1-85,خيرين مهندس آربيع,,,,
0-1-86,خيرين خواهر دکتر مصنع,,,,
0-1-87,خيرين دکتر فريدوني,,,,
