ID,IsNote,Sanad_Num,SanadDate,KolCode,MoeenCode,TafsiliCode,Bed,Bes,Comment,HesabName,Factor_Num,Remain,Tick
3730,False,73,1405/01/01,11,1,0,5000000,0,دريافت نقدي از اميرسام قرمزي نژاد1404,بانک صادرات 002,0,0,False
3736,False,74,1405/01/01,11,1,0,10000000,0,دريافت نقدي از اميرسام قرمزي نژاد1404,بانک صادرات 002,0,0,False
3734,False,83,1405/01/01,11,1,0,10000000,0,دريافت نقدي از سيد محمد موسوي1404سيد اباذر,بانک صادرات 002,0,0,False
3732,False,84,1405/01/01,11,1,0,10000000,0,دريافت نقدي از سيد محمد موسوي1404سيد اباذر,بانک صادرات 002,0,0,False
3738,False,105,1405/01/01,11,1,0,6000000,0,دريافت نقدي از امير سام کارآور1404,بانک صادرات 002,0,0,False
3740,False,161,1405/01/01,11,1,0,15000000,0,دريافت نقدي از سلين قرخلونره1404,بانک صادرات 002,0,0,False
3728,False,166,1405/01/01,11,1,0,15000000,0,دريافت نقدي از اميرعلي زماني1404,بانک صادرات 002,0,0,False
3901,False,219,1405/01/18,11,1,0,15000000,0,دريافت نقدي از نازنين زينب خليلي1404,بانک صادرات 002,0,0,False
3391,False,163,1405/01/24,11,1,0,22500000,0,دريافت نقدي از صدرا مقدس زاده1404,بانک صادرات 002,0,0,False
3932,True,1,1405/01/27,11,1,0,49829076321,0,سند افتتاحيه,بانک صادرات 002,0,0,False
653,False,3,1405/01/29,11,1,0,0,1100000,بابت خريد سرپيچ گاز,بانک صادرات 002,,0,
656,False,4,1405/01/29,11,1,0,0,60600000,بابت هزينه هاي انجام شده ديتا شو نور2,بانک صادرات 002,,0,
662,False,7,1405/01/29,11,1,0,0,74060000,بابت هزينه هاي انجام شده خونه تاکي،لوله،سه راهي،تخريبکاري واجرا،نوار تفلون,بانک صادرات 002,,0,
664,False,8,1405/01/29,11,1,0,0,1600000,بابت خريد کاغذ خط دار بدون سوراخ 50برگ مهد مدرسه,بانک صادرات 002,,0,
677,False,9,1405/01/29,11,1,0,0,9817000,بابت پرداخت هزينه تلفن فروردين ماه تمام شعبات,بانک صادرات 002,,0,
679,False,10,1405/01/29,11,1,0,0,1552000,بابت اينترنت فرودين ماه نور2,بانک صادرات 002,,0,
3524,False,11,1405/01/29,11,1,0,0,1795448908,بابت پرداخت هزينه بيمه اسفند ماه تمام شعبات,بانک صادرات 002,,0,
686,False,12,1405/01/29,11,1,0,0,9599000,بابت کارمزد بيمه خانه داري,بانک صادرات 002,,0,
689,False,13,1405/01/29,11,1,0,0,1500000,خريد شکلات بابت آزمون دانش اموزان کلاس اول,بانک صادرات 002,,0,
691,False,14,1405/01/29,11,1,0,0,26000000,بابت خريد کيک شيرين عسل جهت جلسه خانواده ها,بانک صادرات 002,,0,
3237,False,119,1405/02/05,11,1,0,45000000,0,دريافت نقدي از محمدپارسا عابدي1404,بانک صادرات 002,0,0,False
693,False,15,1405/02/06,11,1,0,0,29140000,بابت خريد مربا ،خامه،ماست.صبحانه عيد فطر,بانک صادرات 002,,0,
703,False,17,1405/02/06,11,1,0,0,468500000,بابت پرداخت حقوق فروردين ماه پرسنل مدرسه القران,بانک صادرات 002,,0,
715,False,19,1405/02/06,11,1,0,0,104000000,بابت پرداخت حقوق اسفند ماه نور1,بانک صادرات 002,,0,
892,False,20,1405/02/06,11,1,0,0,1188507000,بابت پرداخت حقوق فروردين نور1,بانک صادرات 002,,0,
784,False,22,1405/02/07,11,1,0,0,1487181000,بابت پرداخت حقوق فروردين1405 نور2,بانک صادرات 002,,0,
811,False,24,1405/02/07,11,1,0,0,1123129000,بابت پرداخت حقوق فروردين  ماه1405تبيان2,بانک صادرات 002,,0,
853,False,26,1405/02/07,11,1,0,0,1078459000,بابت پرداخت حقوق فروردين ماه1405 تبيان1,بانک صادرات 002,,0,
1052,False,28,1405/02/07,11,1,0,0,1034823168,بابت پرداخت حقوق فروردين ماه 1405 مربيان مهد,بانک صادرات 002,,0,
1072,False,29,1405/02/07,11,1,0,850000000,0,بابت دريافت شهريه سال تحصيلي1404/1405تبيان1,بانک صادرات 002,,0,
1091,False,30,1405/02/07,11,1,0,915000000,0,بابت دريافت شهريه سال تحصيلي1404/1405تبيان2,بانک صادرات 002,,0,
5391,False,31,1405/02/08,11,1,0,1894300000,0,بابت دريافت شهريه سال تحصيلي1404/1405 نور2,بانک صادرات 002,,0,
3385,False,160,1405/02/09,11,1,0,22000000,0,دريافت نقدي از مهنور آقاپور1404,بانک صادرات 002,0,0,False
3965,False,235,1405/02/10,11,1,0,0,100000000,هزينه ي ساخت جعبه ي انتقادات و پيشنهادات به تعداد 7 عدد ,بانک صادرات 002,0,0,False
1293,False,36,1405/02/12,11,1,0,0,31400000,بابت خريد شيريني و گل,بانک صادرات 002,,0,
1296,False,37,1405/02/12,11,1,0,0,4203000,بابت پرداخت قبض برق وگاز مدرسه,بانک صادرات 002,,0,
3531,False,186,1405/02/12,11,1,0,0,1395000000,هديه روز معلم به هر نفر 15.000.000,بانک صادرات 002,,0,
1352,False,39,1405/02/13,11,1,0,0,168000000,بابت هزينه نت به حساب تمام مربيان ومعلمان جهت جنگ که بود,بانک صادرات 002,,0,
1390,False,40,1405/02/13,11,1,0,1575250000,0,بابت دريافت شهريه سال تحصيلي1404/1405 نور1,بانک صادرات 002,,0,
2216,False,41,1405/02/14,11,1,0,1132000000,0,بابت دريافت شهريه سال تحصيلي1404/1405نوبت صبح مهد الرضا,بانک صادرات 002,,0,
3157,False,43,1405/02/14,11,1,0,495000000,0,بابت دريافت شهريه سال تحصيلي1404/1405 مهد نوبت عصر,بانک صادرات 002,,0,
2258,False,44,1405/02/14,11,1,0,0,1395000000,بابت هديه روز معلم به همه ي پرسنل از جمله مستخدمين  همه به مبلغ 15000000,بانک صادرات 002,,0,
3151,False,86,1405/02/14,11,1,0,50000000,0,دريافت نقدي از مرسام بيات1404,بانک صادرات 002,0,0,False
3971,False,238,1405/02/15,11,1,0,0,22000000,خريد 100 کيلو هندوانه ,بانک صادرات 002,0,0,False
2264,False,45,1405/02/16,11,1,0,0,34500000,بابت خريد گل ,بانک صادرات 002,,0,
2267,False,46,1405/02/16,11,1,0,0,17100000,بابت خريد ترشي و  نوشابه دوغ ,بانک صادرات 002,,0,
3959,False,232,1405/02/16,11,1,0,0,34500000,خريد گل حسن يوسف و تاج الملوک جهت مهد الرضا ,بانک صادرات 002,0,0,False
3967,False,236,1405/02/16,11,1,0,0,17100000,خريد ترشي  و نوشابه و دوغ ,بانک صادرات 002,0,0,False
3227,False,114,1405/02/20,11,1,0,30000000,0,دريافت نقدي از امير عباس مهديزاده1404,بانک صادرات 002,0,0,False
3503,False,180,1405/02/26,11,1,0,0,15000000,پرداخت نقدي به هزينه هاي متفرقه مدرسه القران - فلوتر آبسرد کن ,بانک صادرات 002,0,0,False
2428,False,50,1405/02/27,11,1,0,1437750000,0,شهريه سال 1404-1405 دبستان تبيان 2 ,بانک صادرات 002,0,0,False
3839,False,51,1405/02/27,11,1,0,366500000,0,بابت شهريه سال 1404-1405 - پيش مرکزي,بانک صادرات 002,,0,
3493,False,175,1405/02/27,11,1,0,0,8450000,پرداخت نقدي به هزينه هاي عيد غدير- 13 عدد شال غديري توسط حق پناه ,بانک صادرات 002,0,0,False
3969,False,237,1405/02/27,11,1,0,0,3800000,خريد چسب و لوله آب ,بانک صادرات 002,0,0,False
3143,False,82,1405/02/28,11,1,0,40000000,0,دريافت نقدي از امير ارسلان دهقاني1404,بانک صادرات 002,0,0,False
3209,False,106,1405/02/28,11,1,0,30000000,0,دريافت نقدي از اليسا عشقي1404,بانک صادرات 002,0,0,False
3416,False,167,1405/02/28,11,1,0,20000000,0,دريافت نقدي از پارسا رهنمايي1404,بانک صادرات 002,0,0,False
3744,False,197,1405/02/28,11,1,0,3505500000,0,دريافت نقدي بابت شهريه دبستان تبيان 1 ,بانک صادرات 002,0,0,False
3211,False,107,1405/02/29,11,1,0,15000000,0,دريافت نقدي از آيلين ناديان1404,بانک صادرات 002,0,0,False
3235,False,118,1405/02/29,11,1,0,58500000,0,دريافت نقدي از اميرسام کاوياني قصرچمي1404,بانک صادرات 002,0,0,False
3257,False,128,1405/02/29,11,1,0,30000000,0,دريافت نقدي از ميکائيل حيدريان1404,بانک صادرات 002,0,0,False
3259,False,129,1405/02/29,11,1,0,16000000,0,دريافت نقدي از ابوالفضل ترابي1404,بانک صادرات 002,0,0,False
2456,False,54,1405/02/30,11,1,0,0,10800000,بابت کيک لينا بوشار تبيان 1 ,بانک صادرات 002,0,0,False
2507,False,55,1405/02/30,11,1,0,0,26084000,هزينه هاي تبيان 1 ,بانک صادرات 002,,0,
3190,False,97,1405/02/30,11,1,0,8000000,0,دريافت نقدي از پارسا رهنمايي1404,بانک صادرات 002,0,0,False
3205,False,104,1405/02/30,11,1,0,67500000,0,دريافت نقدي از پرنيا محموديان1404,بانک صادرات 002,0,0,False
3253,False,126,1405/02/30,11,1,0,35000000,0,دريافت نقدي از مهرسام دهقان1404,بانک صادرات 002,0,0,False
3265,False,132,1405/03/02,11,1,0,10000000,0,دريافت نقدي از علي يزداني1404,بانک صادرات 002,0,0,False
3422,False,170,1405/03/02,11,1,0,22500000,0,دريافت نقدي از آدرين صبوري1404,بانک صادرات 002,0,0,False
3490,False,174,1405/03/02,11,1,0,0,10579000,بابت پرداخت هزينه تلفن ارديبهشت ماه تمام شعبات,بانک صادرات 002,,0,
3129,False,75,1405/03/03,11,1,0,10000000,0,دريافت نقدي از اميرسام قرمزي نژاد1404,بانک صادرات 002,0,0,False
3141,False,81,1405/03/03,11,1,0,50000000,0,دريافت نقدي از هانا غضنفري1404,بانک صادرات 002,0,0,False
3420,False,169,1405/03/03,11,1,0,22500000,0,دريافت نقدي از محمدسبحان شادمند1404,بانک صادرات 002,0,0,False
3424,False,171,1405/03/03,11,1,0,15000000,0,دريافت نقدي از علي يزداني1404,بانک صادرات 002,0,0,False
3501,False,179,1405/03/03,11,1,0,0,9000000,پرداخت نقدي به هزينه هاي متفرقه نور 2 - بادکنک ,بانک صادرات 002,0,0,False
2510,False,56,1405/03/04,11,1,0,1970000000,0,بابت شهريه سال تحصيلي 1404-1405 - دبستان تبيان 1 ,بانک صادرات 002,0,0,False
2552,False,58,1405/03/04,11,1,0,0,259825000,مجموع هزينه هاي دبستان نور 1 از بهمن تا ارديبهشت (تمام فاکتور ها در بايگاني),بانک صادرات 002,0,0,False
3137,False,79,1405/03/04,11,1,0,20000000,0,دريافت نقدي از اميرطاها عموهادي1404,بانک صادرات 002,0,0,False
3188,False,96,1405/03/04,11,1,0,20000000,0,دريافت نقدي از سدنا باباربيع1404,بانک صادرات 002,0,0,False
3192,False,98,1405/03/04,11,1,0,10000000,0,دريافت نقدي از فاطيما انصاري1404,بانک صادرات 002,0,0,False
3197,False,100,1405/03/04,11,1,0,10000000,0,دريافت نقدي از راحيل صفري زاده1404,بانک صادرات 002,0,0,False
3201,False,102,1405/03/04,11,1,0,15000000,0,دريافت نقدي از تيانا رضايي1404,بانک صادرات 002,0,0,False
3223,False,112,1405/03/04,11,1,0,50000000,0,دريافت نقدي از امير محمد رحيمي1404,بانک صادرات 002,0,0,False
3243,False,121,1405/03/04,11,1,0,17500000,0,دريافت نقدي از اميرحسين خشنود1404,بانک صادرات 002,0,0,False
3245,False,122,1405/03/04,11,1,0,15000000,0,دريافت نقدي از مهزيار اباذري1404,بانک صادرات 002,0,0,False
3247,False,123,1405/03/04,11,1,0,1000000,0,دريافت نقدي از سيدپرهام فاطمي1404,بانک صادرات 002,0,0,False
3249,False,124,1405/03/04,11,1,0,10000000,0,دريافت نقدي از امير محمد خليل پور1404,بانک صادرات 002,0,0,False
3261,False,130,1405/03/04,11,1,0,20000000,0,دريافت نقدي از مرسانا وليخاني1404,بانک صادرات 002,0,0,False
3263,False,131,1405/03/04,11,1,0,20000000,0,دريافت نقدي از آنيسا محمودي1404,بانک صادرات 002,0,0,False
3277,False,137,1405/03/04,11,1,0,30000000,0,دريافت نقدي از فواد ذوالفقاري1404,بانک صادرات 002,0,0,False
3281,False,139,1405/03/04,11,1,0,15000000,0,دريافت نقدي از حلما خالدي1404,بانک صادرات 002,0,0,False
3418,False,168,1405/03/04,11,1,0,22500000,0,دريافت نقدي از مهزيار اباذري1404,بانک صادرات 002,0,0,False
3229,False,115,1405/03/05,11,1,0,15000000,0,دريافت نقدي از محمد عرفان محبي پور1404,بانک صادرات 002,0,0,False
3269,False,134,1405/03/05,11,1,0,50000000,0,دريافت نقدي از بهار بخشيان1404,بانک صادرات 002,0,0,False
5824,False,188,1405/03/05,11,1,0,0,623605000,بابت حقوق ارديبهشت ماه کارکنان مدرسه ,بانک صادرات 002,,0,
5861,False,190,1405/03/05,11,1,0,0,1176510000,بابت پرداخت حقوق ارديبهشت ماه نور 1 ,بانک صادرات 002,,0,
4291,False,192,1405/03/05,11,1,0,0,1494314000,بابت پرداخت حقوق ارديبهشت نور 2,بانک صادرات 002,,0,
4039,False,194,1405/03/05,11,1,0,0,1259529000,بابت پرداخت حقوق ارديبهشت ماه 1405 - تبيان 2 ,بانک صادرات 002,,0,
4077,False,196,1405/03/05,11,1,0,0,1442299000,بابت پرداخت حقوق ارديبهشت ماه 1405تبيان1,بانک صادرات 002,,0,
4161,False,252,1405/03/05,11,1,0,0,3457909000,بابت ثبت حقوق ارديبهشت 1405 مهدالرضا,بانک صادرات 002,,0,
3131,False,76,1405/03/08,11,1,0,30000000,0,دريافت نقدي از اميرسام قرمزي نژاد1404 - طبق نامه حجاقا آقاي حاج اکبر بگيان اين مبلغ را به حساب ريختن,بانک صادرات 002,0,0,False
3267,False,133,1405/03/09,11,1,0,30000000,0,دريافت نقدي از حنانه کاظميني1404,بانک صادرات 002,0,0,False
3884,False,71,1405/03/10,11,1,0,513000000,0,دريافت نقدي بابت شهريه پيش دبستاني ,بانک صادرات 002,0,0,False
3499,False,178,1405/03/10,11,1,0,0,8500000,پرداخت نقدي به هزينه هاي متفرقه نور 2 - پوشال تسمه روغن ,بانک صادرات 002,0,0,False
3139,False,80,1405/03/11,11,1,0,25000000,0,دريافت نقدي از ايليا سعيدي1404,بانک صادرات 002,0,0,False
3219,False,110,1405/03/11,11,1,0,36000000,0,دريافت نقدي از پوريا بکيان1404,بانک صادرات 002,0,0,False
3221,False,111,1405/03/11,11,1,0,20000000,0,دريافت نقدي از پويان بکيان1404,بانک صادرات 002,0,0,False
3231,False,116,1405/03/11,11,1,0,30000000,0,دريافت نقدي از سينا صادقي1404,بانک صادرات 002,0,0,False
3255,False,127,1405/03/11,11,1,0,45000000,0,دريافت نقدي از عليرضا قاسمي1404,بانک صادرات 002,0,0,False
3393,False,164,1405/03/11,11,1,0,22500000,0,دريافت نقدي از سيد اميرحسين کسائي1404,بانک صادرات 002,0,0,False
3505,False,181,1405/03/11,11,1,0,0,11250000,پرداخت نقدي به هزينه هاي متفرقه نور 2 - تمبر ,بانک صادرات 002,0,0,False
3195,False,99,1405/03/12,11,1,0,40000000,0,دريافت نقدي از فاطمه رحيمي1404,بانک صادرات 002,0,0,False
3389,False,162,1405/03/12,11,1,0,20000000,0,دريافت نقدي از آوينا محسني1404,بانک صادرات 002,0,0,False
3119,False,72,1405/03/16,11,1,0,243000000,0,دريافت نقدي بابت شهريه پيش دبستاني ,بانک صادرات 002,0,0,False
3133,False,77,1405/03/16,11,1,0,60000000,0,طبق نامه حجاقا اين مبلغ توسط حساب 110س پرداخت شده است .,بانک صادرات 002,0,0,False
3153,False,87,1405/03/16,11,1,0,15000000,0,دريافت نقدي از آريا نريماني1404 توسط شهين دخت همت - از قول حجاقا ,بانک صادرات 002,0,0,False
3199,False,101,1405/03/16,11,1,0,1000000,0,دريافت نقدي از پناه سادات فاطمي1404,بانک صادرات 002,0,0,False
3203,False,103,1405/03/16,11,1,0,10000000,0,دريافت نقدي از فائزه محمديان1404,بانک صادرات 002,0,0,False
3519,False,184,1405/03/16,11,1,0,0,2786939714,بابت پرداخت هزينه بيمه ارديبهشت ماه تمام شعبات,بانک صادرات 002,,0,
3213,False,108,1405/03/17,11,1,0,10000000,0,دريافت نقدي از آتنا رزي1404,بانک صادرات 002,0,0,False
3215,False,109,1405/03/18,11,1,0,135000000,0,دريافت نقدي از ماهان هاشمي1404(غلامرضا) - طبق ليست خانم سروري تسويه شده ,بانک صادرات 002,0,0,False
3225,False,113,1405/03/18,11,1,0,45000000,0,دريافت نقدي از اميرحسين آقاپور1404,بانک صادرات 002,0,0,False
3271,False,135,1405/03/18,11,1,0,10000000,0,دريافت نقدي از فاطمه حلما ايماني فر1404,بانک صادرات 002,0,0,False
3279,False,138,1405/03/18,11,1,0,60000000,0,دريافت نقدي از نويان صادقي1404,بانک صادرات 002,0,0,False
3908,False,220,1405/03/18,11,1,0,25000000,0,دريافت نقدي از فاطمه پورزهيري1404,بانک صادرات 002,0,0,False
3305,False,150,1405/03/19,11,1,0,30000000,0,دريافت نقدي از کارن پويان مهر1404,بانک صادرات 002,0,0,False
3307,False,151,1405/03/19,11,1,0,25000000,0,دريافت نقدي از اميررضا قرقاني1404,بانک صادرات 002,0,0,False
3309,False,152,1405/03/19,11,1,0,30000000,0,دريافت نقدي از اميرعلي گرگين حقيقت1404,بانک صادرات 002,0,0,False
3324,False,153,1405/03/19,11,1,0,192000000,0,بابت شهريه پيش دبستاني ابراهيم خليل عليه السلام,بانک صادرات 002,,0,
3347,False,155,1405/03/19,11,1,0,160000000,0,بابت شهريه پيش دبستاني منظريه,بانک صادرات 002,,0,
3340,False,156,1405/03/19,11,1,0,2000000,0,دريافت نقدي از نازلي جهانگيري1404,بانک صادرات 002,0,0,False
3383,False,159,1405/03/19,11,1,0,22500000,0,دريافت نقدي از آيسان آوين1404,بانک صادرات 002,0,0,False
3957,False,231,1405/03/20,11,1,0,0,3500000,شارژ کارتريج نور 2 ,بانک صادرات 002,0,0,False
3233,False,117,1405/03/21,11,1,0,15000000,0,دريافت نقدي از محمد مبين حاتمي1404,بانک صادرات 002,0,0,False
3446,False,172,1405/03/24,11,1,0,60000000,0, وصول چك 6-1-1405/03/20 ,بانک صادرات 002,0,0,False
3448,False,173,1405/03/24,11,1,0,15000000,0,دريافت نقدي از ابوالفضل ترابي1404,بانک صادرات 002,0,0,False
3495,False,176,1405/03/30,11,1,0,0,12500000,پرداخت نقدي به هزينه هاي متفرقه تبيان 1 - پارچه سفيد کيلويي ,بانک صادرات 002,0,0,False
3497,False,177,1405/03/30,11,1,0,0,2300000,پرداخت نقدي به هزينه هاي متفرقه مدرسه القران - ماژيک ,بانک صادرات 002,0,0,False
3507,False,182,1405/03/30,11,1,0,0,3000000,پرداخت نقدي به هزينه هاي متفرقه مدرسه القران - شارژ کارتيريج,بانک صادرات 002,0,0,False
3509,False,183,1405/03/30,11,1,0,0,35000000,پرداخت نقدي به هزينه هاي متفرقه مهدالرضا - فوم ,بانک صادرات 002,0,0,False
3993,False,242,1405/04/01,11,1,0,0,513784000,بابت حقوق خرداد ماه کارکنان مدرسه ,بانک صادرات 002,,0,
4001,False,244,1405/04/01,11,1,0,0,290000000,بابت ثبت حقوق خرداد ماه نور1,بانک صادرات 002,,0,
4011,False,246,1405/04/01,11,1,0,0,651197000,بابت ثبت حقوق خرداد ماه نور2,بانک صادرات 002,,0,
5882,False,248,1405/04/01,11,1,0,0,713098000,بابت ثبت حقوق خرداد ماه 1405 تبيان2,بانک صادرات 002,,0,
4090,False,250,1405/04/01,11,1,0,0,585721000,بابت ثبت حقوق خرداد ماه 1405 تبيان1,بانک صادرات 002,,0,
4225,False,254,1405/04/01,11,1,0,0,1162629000,بابت حقوق خرداد 1405 مهدالرضا,بانک صادرات 002,,0,
3529,False,185,1405/04/05,11,1,0,0,2872516396,بابت پرداخت هزينه بيمه فروردين ماه تمام شعبات,بانک صادرات 002,,0,
3812,False,198,1405/04/07,11,1,0,15000000,0,بابت دريافت شهريه پيش دبستاني ,بانک صادرات 002,,0,
3813,False,199,1405/04/07,11,1,0,25000000,0,دريافت نقدي از اميرعلي حيدرپور1404,بانک صادرات 002,0,0,False
3815,False,200,1405/04/07,11,1,0,22500000,0,دريافت نقدي از سدنا باباربيع1404,بانک صادرات 002,0,0,False
3817,False,201,1405/04/07,11,1,0,50000000,0,دريافت نقدي از سيدطاها اهلي1404,بانک صادرات 002,0,0,False
3819,False,202,1405/04/07,11,1,0,1000000,0,دريافت نقدي از پويان بکيان1404,بانک صادرات 002,0,0,False
3821,False,203,1405/04/07,11,1,0,30000000,0,دريافت نقدي از مهراد بلاري1404,بانک صادرات 002,0,0,False
3823,False,204,1405/04/07,11,1,0,10000000,0,دريافت نقدي از سايدا مرادزاده1404,بانک صادرات 002,0,0,False
3825,False,205,1405/04/07,11,1,0,22000000,0,دريافت نقدي از ترنم آزادي1404,بانک صادرات 002,0,0,False
3827,False,206,1405/04/07,11,1,0,18000000,0,دريافت نقدي از ترنم آزادي1404,بانک صادرات 002,0,0,False
3829,False,207,1405/04/07,11,1,0,17530000,0,دريافت نقدي از رايان سي سخت پور1404,بانک صادرات 002,0,0,False
3831,False,208,1405/04/07,11,1,0,50000000,0,دريافت نقدي از کيان دهقاني1404,بانک صادرات 002,0,0,False
3833,False,209,1405/04/07,11,1,0,30000000,0,دريافت نقدي از مرسانا مصلحي1404,بانک صادرات 002,0,0,False
3851,False,212,1405/04/07,11,1,0,2250000,0,دريافت نقدي از سامي حبادي1404,بانک صادرات 002,0,0,False
3853,False,213,1405/04/07,11,1,0,60000000,0,دريافت نقدي از شاهان باباربيع1404,بانک صادرات 002,0,0,False
3880,False,217,1405/04/08,11,1,0,25000000,0,دريافت نقدي از محمدامين قره قاني1404,بانک صادرات 002,0,0,False
3882,False,218,1405/04/08,11,1,0,35000000,0,دريافت نقدي از نويد يوسفي1404,بانک صادرات 002,0,0,False
3953,False,229,1405/04/09,11,1,0,0,18900000,خريد قفل کتابي - ريزه - قفل سهند ,بانک صادرات 002,0,0,False
3961,False,233,1405/04/09,11,1,0,0,50000000,خريد شکر ,بانک صادرات 002,0,0,False
3937,False,222,1405/04/10,11,1,0,20000000,0,دريافت نقدي از آيهان نصيري1404,بانک صادرات 002,0,0,False
3975,False,240,1405/04/10,11,1,0,0,10000000,پرداخت به صلاحي جهت جابه جايي قالي و وسايل محرم به سروستان ,بانک صادرات 002,0,0,False
3951,False,228,1405/04/14,11,1,0,0,50000000,پرداخت نقدي به هزينه هاي متفرقه مدرسه القران- کرايه بيلبورد مفتح ,بانک صادرات 002,0,0,False
3949,False,227,1405/04/15,11,1,0,0,147800000,پرداخت نقدي به هزينه هاي متفرقه مدرسه القران- خريد بيسکوييت - قند و طلايي کرمدار ,بانک صادرات 002,0,0,False
3973,False,239,1405/04/15,11,1,0,0,2700000,خريد کابل شبکه 2 متري ,بانک صادرات 002,0,0,False
3940,False,223,1405/04/16,11,1,0,53132200,0,دريافت نقدي از  طاهره سادات قريشي,بانک صادرات 002,0,0,False
3942,False,224,1405/04/16,11,1,0,53132200,0,دريافت نقدي از  سيده مرضيه قريشي,بانک صادرات 002,0,0,False
3935,False,221,1405/04/17,11,1,0,15000000,0,دريافت نقدي از بيتا انصاري1404,بانک صادرات 002,0,0,False
3944,False,225,1405/04/17,11,1,0,11449400,0,دريافت نقدي از اعظم شاملي,بانک صادرات 002,0,0,False
3946,False,226,1405/04/17,11,1,0,26339634,0,دريافت نقدي از محبوبه حداد,بانک صادرات 002,0,0,False
3955,False,230,1405/04/17,11,1,0,0,205000000,بنر تبليغاتي مدارس و هزينه ي نصب در بيلبورد ,بانک صادرات 002,0,0,False
3963,False,234,1405/04/17,11,1,0,0,12750000,خريد شيريني کره اي ,بانک صادرات 002,0,0,False
4317,False,259,1405/04/22,11,1,0,0,26400000,خريد بستني جهت جلسه ي آموزش مربيان ,بانک صادرات 002,0,0,False
4325,False,263,1405/04/24,11,1,0,0,10000000,خريد لامپ پرژکتور سالن نمازخانه و دو تا لامپ راهرو,بانک صادرات 002,0,0,False
4319,False,260,1405/04/27,11,1,0,0,8000000,خريد قفل درب ,بانک صادرات 002,0,0,False
4321,False,261,1405/04/27,11,1,0,0,14000000,خريد آبليمو جهت جلسه ي آموزش مربيان ,بانک صادرات 002,0,0,False
4323,False,262,1405/04/27,11,1,0,0,7880000,خريد خربزه جهت جلسه ي آموزش مربيان ,بانک صادرات 002,0,0,False
4327,False,264,1405/04/27,11,1,0,0,33000000,خريد کابل - ريسه رنگي اي اي دي - لامپ رنگي نور آويز ,بانک صادرات 002,0,0,False
4329,False,265,1405/04/27,11,1,0,0,7500000,تعمير پرينتر حسابداري و شارژ کارتريج ,بانک صادرات 002,0,0,False
4331,False,266,1405/04/27,11,1,0,0,38000000,خريد 2 عدد تونر دستگاه کپي ريکو ,بانک صادرات 002,0,0,False
4332,False,267,1405/04/30,11,1,0,31797849,0,بابت بيمه تير مرداد شهريور,بانک صادرات 002,0,0,False
4335,False,268,1405/04/30,11,1,0,0,60000000,پرداخت نقدي به هزينه پذيرايي مهد الرضا خريد کيک از حسن پوري,بانک صادرات 002,0,0,False
4337,False,269,1405/04/30,11,1,0,0,4500000,خريد دفتر آمار ,بانک صادرات 002,0,0,False
4344,False,270,1405/04/30,11,1,0,0,1148789949,پرداخت بيمه خرداد ماه مجموعه,بانک صادرات 002,,0,
6449,False,286,1405/04/30,11,1,0,0,295000000,بابت حقوق تيرماه کارکنان مدرسه  نور2,بانک صادرات 002,,0,
6459,False,288,1405/04/30,11,1,0,0,490317000,بابت ثبت حقوق تيرماه 1405 تبيان2,بانک صادرات 002,,0,
6467,False,290,1405/04/30,11,1,0,0,580721000,بابت ثبت حقوق تيرماه 1405 تبيان1,بانک صادرات 002,,0,
6482,False,292,1405/04/30,11,1,0,0,510804000,بابت ثبت حقوق تيرماه 1405 مهد الرضا ,بانک صادرات 002,,0,
6574,False,365,1405/04/30,11,1,0,0,220000000,بابت حقوق تيرماه کارکنان مدرسه نور1,بانک صادرات 002,,0,
4347,False,271,1405/04/31,11,1,0,692000000,0,دريافت نقدي بابت شهريه (تبيان 1),بانک صادرات 002,0,0,False
4391,False,273,1405/04/31,11,1,0,265000000,0,بابت پرداخت شهريه مهد الرضا ,بانک صادرات 002,,0,
4411,False,277,1405/04/31,11,1,0,25000000,0,دريافت نقدي از آيناز صالحي 1404,بانک صادرات 002,0,0,False
6404,False,278,1405/05/04,11,1,0,5624823200,0,بابت شهريه نور 2,بانک صادرات 002,,0,
5794,False,280,1405/05/18,11,1,0,759576837,0,دريافت نقدي بابت قسط بيمه,بانک صادرات 002,0,0,False
5812,False,281,1405/05/24,11,1,0,23427450,0,بابت بيمه ,بانک صادرات 002,0,0,False
5835,False,283,1405/05/24,11,1,0,0,513784000,بابت حقوق تيرماه کارکنان مدرسه ,بانک صادرات 002,,0,
6568,False,364,1405/05/28,11,1,0,0,984941525,پرداخت بيمه تير ماه مجموعه,بانک صادرات 002,,0,
6498,False,344,1405/05/30,11,1,0,0,548905000,بابت حقوق مرداد ماه کارکنان مدرسه ,بانک صادرات 002,,0,
6501,False,346,1405/05/30,11,1,0,0,220000000,بابت حقوق مردادماه نور 1 ,بانک صادرات 002,,0,
6513,False,348,1405/05/30,11,1,0,0,276392000,بابت حقوق مردادماه کارکنان مدرسه  نور2,بانک صادرات 002,,0,
6523,False,350,1405/05/30,11,1,0,0,500317000,بابت ثبت حقوق مرادماه 1405 تبيان2,بانک صادرات 002,,0,
6531,False,352,1405/05/30,11,1,0,0,580721000,بابت ثبت حقوق مردادماه 1405 تبيان1,بانک صادرات 002,,0,
6545,False,354,1405/05/30,11,1,0,0,393121000,بابت ثبت حقوق مردادماه 1405 مهد الرضا ,بانک صادرات 002,,0,
6551,False,357,1405/06/06,11,1,0,0,36000000,خريد مهارکن 14 جهت بستن تور هاي ورزشگاه ,بانک صادرات 002,0,0,False
6155,False,339,1405/06/11,11,1,0,786000000,0,بابت پرداخت شهريه ,بانک صادرات 002,0,0,False
6408,False,340,1405/06/12,11,1,0,147815833,0,دريافت بابت قسط بيمه ,بانک صادرات 002,0,0,False
6558,False,361,1405/06/15,11,1,0,26339634,0,دريافت نقدي از هزينه حقوق محبوبه حداد- بابت بيمه ,بانک صادرات 002,0,0,False
6560,False,362,1405/06/16,11,1,0,13119417,0,دريافت نقدي از هزينه حقوق ليلا سروي - بابت بيمه ,بانک صادرات 002,0,0,False
6556,False,360,1405/06/17,11,1,0,11449400,0,دريافت بابت بيمه ,بانک صادرات 002,0,0,False
6549,False,356,1405/06/22,11,1,0,0,26500000,خريد بيسکوئيت سوپر کنجدي ,بانک صادرات 002,0,0,False
6555,False,359,1405/06/22,11,1,0,0,69900000,خريد سيم بکسل - مهارکش و کرپي جهت بستن تور هاي ورزشگاه,بانک صادرات 002,0,0,False
6419,False,341,1405/06/24,11,1,0,0,995348198,بيمه مرداد ماه کارکنان مدرسه قرآن ,بانک صادرات 002,0,0,False
6424,False,342,1405/06/28,11,1,0,0,1500000,پرداخت نقدي به هزينه حمل تبيان1,بانک صادرات 002,0,0,False
6547,False,355,1405/06/30,11,1,0,0,28000000,خريد پودر سيمان سفيدجهت نماي درب ورودي ورزشگاه,بانک صادرات 002,0,0,False
6553,False,358,1405/06/30,11,1,0,0,250100000,خريد شن و گچ و سيمان  و.... جهت ورزشگاه ,بانک صادرات 002,0,0,False
6563,False,363,1405/06/30,11,1,0,0,231640000,پرداخت نقدي به هزينه هاي متفرقه نور 1 - مجموع هزينه هاي انجام شده از 10خرداد تا 17مرداد 1405 ,بانک صادرات 002,0,0,False
